"COMPANY","ID","CATEGORY"
4560488,7843348,387
4560489,7843349,1046
4560490,7843351,901
4560492,7843352,381
4560494,7843353,762
4560495,7843356,406
4560496,7843357,374
4560496,7843359,391
4560496,7843437,374
4560496,7843441,1022
4560496,7843443,362
4560496,7843444,421
4560496,7843447,1022
4560496,7843448,1022
4560497,7843358,409
4560498,7843360,393
4560499,7843362,378
4560500,7843363,416
4560504,7843364,374
4560505,7843368,481
4560506,7843369,397
4560506,7843410,397
4560507,7843370,416
4560511,7843371,901
4560512,7843372,323
4560516,7843373,1047
4560517,7843374,374
4560517,7843426,374
4560517,7843427,374
4560517,7843429,374
4560517,7843430,374
4560518,7843375,328
4560524,7843411,379
4560525,7843412,354
4560526,7843413,316
4560526,7844982,391
4560529,7843414,305
4560530,7843415,374
4560531,7843418,400
4560532,7843419,323
4560534,7843421,414
4560534,7843442,414
4560536,7843422,386
4560538,7843423,374
4560539,7843424,316
4560540,7843425,305
4560541,7843428,404
4560544,7843434,333
4560546,7843435,409
4560547,7843436,305
4560552,7843450,395
4560554,7843451,501
4560554,7843474,313
4560554,7843844,391
4560556,7843453,316
4560559,7843454,1022
4560560,7843455,301
4560561,7843456,386
4560563,7843458,323
4560564,7843459,316
4560564,7843558,376
4560566,7843460,378
4560566,7847840,391
4560568,7843461,581
4560573,7843467,316
4560574,7843468,390
4560575,7843469,395
4560576,7843470,661
4560578,7843471,317
4560579,7843472,1036
4560584,7843476,360
4560585,7843479,1022
4560586,7843480,381
4560587,7843481,409
4560588,7843482,329
4560589,7843483,416
4560590,7843484,311
4560590,7843496,311
4560593,7843485,374
4560595,7843486,310
4560597,7843487,581
4560599,7843491,386
4560600,7843492,316
4560601,7843493,307
4560603,7843495,416
4560604,7843498,316
4560604,7844623,391
4560605,7843501,323
4560608,7843504,581
4560609,7843505,323
4560610,7843506,345
4560611,7843507,380
4560612,7843508,385
4560613,7843509,312
4560614,7843510,390
4560615,7843511,323
4560616,7843512,311
4560617,7843513,323
4560618,7843514,380
4560619,7843515,316
4560620,7843516,306
4560621,7843517,322
4560622,7843518,329
4560623,7843519,323
4560624,7843521,621
4560625,7843522,581
4560626,7843523,316
4560628,7843526,1022
4560629,7843528,390
4560630,7843529,1022
4560631,7843530,1047
4560632,7843532,316
4560633,7843535,621
4560634,7843536,1038
4560637,7843537,1046
4560640,7843538,392
4560641,7843539,354
4560642,7843540,1104
4560643,7843541,316
4560643,7843567,316
4560646,7843542,306
4560647,7843543,340
4560648,7843546,325
4560649,7843547,410
4560650,7843548,380
4560651,7843550,323
4560652,7843552,306
4560653,7843553,362
4560654,7843555,380
4560655,7843556,581
4560656,7843557,349
4560657,7843559,1033
4560659,7843562,323
4560661,7843564,1022
4560662,7843569,1026
4560663,7843571,397
4560664,7843572,306
4560665,7843575,367
4560666,7843576,1022
4560667,7843577,332
4560668,7843578,330
4560669,7843582,1101
4560670,7843584,322
4560671,7843585,409
4560675,7843586,1022
4560676,7843587,316
4560679,7843588,397
4560686,7843589,349
4560689,7843590,307
4560690,7843591,316
4560691,7843592,409
4560692,7843593,313
4560693,7843594,373
4560694,7843595,386
4560695,7843597,1040
4560696,7843598,1040
4560697,7843599,394
4560698,7843603,1022
4560699,7843606,322
4560700,7843607,324
4560704,7843608,601
4560707,7843609,306
4560708,7843610,362
4560709,7843611,374
4560710,7843612,384
4560711,7843614,362
4560712,7843615,316
4560713,7843617,333
4560713,7843620,333
4560714,7843618,1108
4560715,7843619,316
4560716,7843624,316
4560717,7843625,395
4560718,7843626,387
4560719,7843627,342
4560720,7843628,1021
4560721,7843630,581
4560722,7843631,1022
4560723,7843632,376
4560724,7843633,306
4560724,7843640,306
4560725,7843634,1022
4560726,7843637,1041
4560727,7843641,320
4560727,7843653,320
4560728,7843643,741
4560730,7843644,621
4560731,7843645,386
4560732,7843646,311
4560733,7843647,313
4560734,7843648,303
4560735,7843649,313
4560736,7843650,316
4560737,7843651,1046
4560738,7843652,981
4560739,7843654,303
4560739,7843670,921
4560740,7843655,1040
4560741,7843656,395
4560742,7843657,416
4560743,7843658,322
4560744,7843659,322
4560746,7843660,1022
4560747,7843661,305
4560748,7843662,333
4560748,7843665,333
4560749,7843663,581
4560752,7843666,416
4560753,7843667,397
4560754,7843668,317
4560757,7843671,381
4560758,7843672,329
4560759,7843673,381
4560759,7843684,395
4560762,7843674,1041
4560766,7843675,1022
4560770,7843678,414
4560771,7843679,1021
4560771,7843726,1021
4560772,7843680,421
4560775,7843681,1001
4560776,7843683,322
4560777,7843685,316
4560779,7843686,381
4560780,7843687,378
4560782,7843688,1022
4560783,7843692,323
4560784,7843693,385
4560787,7843694,1047
4560788,7843695,822
4560789,7843696,333
4560790,7843697,395
4560791,7843698,373
4560792,7843699,395
4560793,7843700,333
4560793,7845297,581
4560794,7843701,410
4560794,7843738,316
4560794,7844719,316
4560795,7843702,381
4560795,7843705,381
4560796,7843703,386
4560797,7843704,350
4560798,7843706,416
4560799,7843707,316
4560800,7843710,399
4560801,7843712,416
4560802,7843714,354
4560804,7843715,316
4560806,7843716,381
4560806,7844220,381
4560808,7843717,380
4560809,7843718,333
4560811,7843719,406
4560812,7843720,921
4560813,7843721,416
4560814,7843722,333
4560815,7843723,384
4560816,7843724,416
4560817,7843725,385
4560818,7843729,310
4560820,7843730,581
4560821,7843731,319
4560822,7843732,378
4560823,7843733,397
4560825,7843734,416
4560827,7843735,374
4560830,7843736,641
4560832,7843737,374
4560833,7843740,1022
4560834,7843742,1022
4560835,7843744,324
4560836,7843745,408
4560837,7843746,386
4560838,7843749,384
4560838,7843772,384
4560839,7843750,416
4560839,7843752,391
4560841,7843754,316
4560842,7843755,316
4560843,7843756,395
4560844,7843757,384
4560845,7843759,581
4560846,7843760,410
4560846,7843771,410
4560847,7843761,333
4560848,7843762,581
4560849,7843763,324
4560849,7846995,324
4560854,7843764,325
4560859,7843765,380
4560861,7843766,361
4560864,7843767,386
4560865,7843768,409
4560866,7843770,329
4560866,7846913,1022
4560866,7846914,1022
4560866,7846915,1022
4560867,7843773,316
4560867,7843775,316
4560868,7843777,1022
4560868,7843787,1022
4560869,7843779,1022
4560870,7843780,1022
4560871,7843781,395
4560872,7843784,343
4560873,7843785,410
4560874,7843786,381
4560875,7843788,1022
4560876,7843792,373
4560877,7843793,410
4560879,7843794,395
4560879,7844073,391
4560879,7844111,395
4560880,7843795,371
4560881,7843796,359
4560883,7843797,1039
4560884,7843798,319
4560887,7843800,1046
4560888,7843801,381
4560889,7843802,392
4560890,7843803,373
4560894,7843805,380
4560895,7843809,381
4560896,7843810,393
4560896,7843819,418
4560896,7843820,393
4560896,7843821,417
4560896,7843822,741
4560896,7843824,581
4560897,7843811,621
4560899,7843814,381
4560900,7843816,342
4560901,7843817,1031
4560901,7843838,391
4560905,7843823,1022
4560906,7843825,390
4560907,7843826,379
4560909,7843827,313
4560915,7843829,481
4560917,7843832,1022
4560918,7843848,421
4560919,7843850,333
4560921,7843852,313
4560923,7843853,381
4560927,7843855,302
4560928,7843856,481
4560929,7843857,342
4560930,7843858,373
4560931,7843859,1042
4560932,7843860,581
4560934,7843861,381
4560935,7843862,1022
4560936,7843863,397
4560937,7843864,329
4560938,7843865,395
4560939,7843866,386
4560939,7843877,386
4560941,7843867,421
4560943,7843868,401
4560945,7843869,399
4560946,7843870,305
4560947,7843871,421
4560948,7843872,360
4560951,7843874,360
4560952,7843875,1022
4560953,7843876,741
4560954,7843878,322
4560955,7843879,395
4560956,7843880,406
4560957,7843881,329
4560958,7843882,307
4560960,7843884,311
4560961,7843887,581
4560962,7843888,373
4560963,7843889,313
4560964,7843891,316
4560967,7843892,822
4560968,7843895,621
4560969,7843896,316
4560970,7843897,328
4560971,7843899,301
4560973,7843901,312
4560976,7843902,1022
4560977,7843903,302
4560980,7843907,409
4560981,7843910,421
4560982,7843911,356
4560983,7843913,373
4560984,7843918,681
4560985,7843919,901
4560986,7843921,380
4560986,7843932,391
4560987,7843923,1022
4560988,7843924,409
4560989,7843926,416
4560990,7843927,360
4560991,7843928,1051
4560991,7843955,1051
4560993,7843929,374
4560994,7843930,1022
4560994,7843948,1022
4560995,7843935,1022
4560996,7843937,325
4560997,7843938,316
4560998,7843939,1046
4560999,7843940,408
4561000,7843941,316
4561000,7843976,391
4561002,7843943,354
4561003,7843944,387
4561004,7843946,360
4561005,7843947,404
4561006,7843950,385
4561007,7843953,316
4561008,7843954,311
4561010,7843958,1022
4561012,7843959,621
4561015,7843963,1022
4561016,7843964,409
4561017,7843965,1022
4561018,7843966,410
4561019,7843967,395
4561020,7843968,1022
4561022,7843969,1022
4561022,7843982,1022
4561023,7843970,409
4561024,7843971,409
4561025,7843972,1044
4561028,7843973,1022
4561029,7843974,1022
4561030,7843975,302
4561031,7843977,316
4561032,7843978,410
4561032,7844012,415
4561032,7844014,410
4561032,7844017,410
4561032,7844020,410
4561032,7844021,410
4561032,7844023,410
4561032,7844024,410
4561032,7844026,410
4561032,7844027,316
4561032,7844028,316
4561032,7844029,316
4561032,7844030,316
4561032,7844031,316
4561032,7844032,316
4561032,7844034,316
4561032,7844035,316
4561032,7844038,316
4561032,7844040,316
4561032,7844041,316
4561032,7844042,316
4561032,7844043,316
4561032,7844044,410
4561032,7844045,316
4561032,7844046,316
4561032,7844048,316
4561032,7844049,316
4561032,7844051,316
4561032,7844058,316
4561032,7845276,410
4561033,7843979,380
4561035,7843980,342
4561036,7843981,1022
4561037,7843984,420
4561037,7844002,404
4561038,7843986,410
4561039,7843987,384
4561040,7843988,1027
4561041,7843989,395
4561041,7843995,381
4561041,7843997,381
4561041,7844390,391
4561044,7843990,359
4561047,7843991,392
4561047,7843994,802
4561050,7843993,360
4561053,7843996,1033
4561054,7843998,381
4561057,7843999,1041
4561058,7844000,397
4561059,7844001,373
4561060,7844003,316
4561060,7844013,316
4561060,7844015,1022
4561060,7844016,420
4561061,7844004,406
4561062,7844005,316
4561063,7844006,1001
4561064,7844007,1022
4561065,7844008,360
4561066,7844009,342
4561067,7844010,374
4561068,7844011,822
4561070,7844018,421
4561071,7844019,323
4561072,7844022,384
4561074,7844025,371
4561075,7844033,395
4561076,7844036,323
4561077,7844039,387
4561080,7844047,316
4561081,7844050,317
4561082,7844057,374
4561085,7844059,1022
4561087,7844061,410
4561087,7847696,358
4561087,7847700,360
4561087,7847706,391
4561090,7844062,397
4561091,7844068,316
4561092,7844069,349
4561093,7844072,316
4561094,7844075,381
4561095,7844083,381
4561096,7844084,1022
4561097,7844085,1022
4561097,7844110,1047
4561097,7846485,399
4561098,7844086,1048
4561099,7844109,350
4561100,7844114,312
4561100,7844236,1022
4561101,7844115,621
4561101,7844119,373
4561102,7844117,386
4561103,7844120,310
4561104,7844121,319
4561105,7844123,378
4561106,7844124,1046
4561107,7844126,741
4561108,7844127,410
4561109,7844128,1041
4561110,7844129,366
4561111,7844130,395
4561111,7847018,391
4561112,7844131,305
4561113,7844132,409
4561114,7844133,681
4561115,7844134,381
4561116,7844135,312
4561117,7844136,306
4561118,7844138,385
4561120,7844139,339
4561121,7844140,361
4561121,7844155,361
4561122,7844141,316
4561123,7844142,307
4561127,7844143,1022
4561128,7844144,333
4561129,7844145,1022
4561130,7844146,360
4561131,7844147,319
4561132,7844148,323
4561133,7844150,350
4561134,7844151,621
4561135,7844152,381
4561136,7844153,581
4561137,7844154,741
4561138,7844156,395
4561139,7844157,441
4561140,7844158,329
4561141,7844159,1022
4561142,7844160,301
4561143,7844162,313
4561145,7844164,316
4561146,7844165,316
4561147,7844166,409
4561148,7844167,741
4561151,7844168,1022
4561152,7844169,317
4561153,7844170,381
4561154,7844171,358
4561157,7844172,1047
4561158,7844173,981
4561158,7848406,391
4561159,7844174,323
4561160,7844176,1022
4561161,7844177,416
4561162,7844178,323
4561162,7844188,323
4561163,7844179,373
4561165,7844180,802
4561166,7844181,410
4561170,7844182,323
4561171,7844183,381
4561172,7844184,316
4561173,7844185,381
4561174,7844186,349
4561175,7844187,323
4561176,7844189,316
4561177,7844190,316
4561178,7844192,381
4561179,7844194,366
4561180,7844197,316
4561181,7844198,404
4561182,7844199,316
4561183,7844201,381
4561186,7844202,333
4561187,7844204,327
4561188,7844205,416
4561191,7844207,406
4561192,7844208,369
4561194,7844209,581
4561196,7844210,410
4561197,7844211,581
4561198,7844212,316
4561201,7844213,316
4561202,7844215,329
4561203,7844216,307
4561204,7844219,333
4561206,7844221,367
4561206,7844222,367
4561206,7844223,1022
4561208,7844225,395
4561209,7844226,317
4561210,7844227,313
4561212,7844228,410
4561213,7844229,421
4561214,7844230,397
4561215,7844232,358
4561216,7844233,316
4561217,7844234,395
4561218,7844235,306
4561219,7844238,395
4561220,7844239,316
4561221,7844240,1026
4561222,7844242,581
4561223,7844243,386
4561224,7844244,323
4561226,7844245,336
4561228,7844246,701
4561229,7844247,1111
4561230,7844248,316
4561231,7844249,385
4561232,7844251,316
4561233,7844253,581
4561233,7844256,413
4561234,7844255,316
4561235,7844257,366
4561235,7844330,366
4561236,7844258,400
4561237,7844261,380
4561238,7844262,311
4561239,7844263,1044
4561243,7844265,385
4561246,7844267,409
4561247,7844268,310
4561248,7844269,323
4561252,7844273,346
4561254,7844274,316
4561256,7844276,345
4561256,7844282,345
4561257,7844277,316
4561259,7844278,367
4561261,7844279,1022
4561262,7844280,381
4561263,7844281,1109
4561265,7844283,1022
4561266,7844284,371
4561269,7844287,409
4561270,7844289,306
4561271,7844290,374
4561275,7844291,410
4561277,7844293,942
4561279,7844294,385
4561279,7844321,701
4561279,7844323,416
4561280,7844295,1038
4561284,7844296,378
4561287,7844297,373
4561288,7844298,329
4561289,7844299,1022
4561290,7844300,1142
4561291,7844301,421
4561292,7844302,312
4561293,7844303,385
4561293,7844304,385
4561293,7844305,307
4561293,7844306,385
4561293,7844307,385
4561294,7844308,393
4561295,7844309,395
4561296,7844310,1022
4561297,7844313,388
4561299,7844315,316
4561300,7844316,1022
4561301,7844317,392
4561302,7844318,317
4561303,7844319,392
4561304,7844320,701
4561308,7844324,360
4561309,7844325,421
4561310,7844326,386
4561311,7844327,412
4561311,7844331,581
4561312,7844328,323
4561313,7844329,1022
4561314,7844333,416
4561319,7844334,701
4561320,7844335,316
4561321,7844336,323
4561322,7844338,386
4561323,7844341,581
4561324,7844342,316
4561325,7844343,393
4561326,7844344,381
4561327,7844345,323
4561328,7844347,374
4561329,7844348,1022
4561330,7844349,406
4561331,7844350,392
4561332,7844351,741
4561334,7844352,416
4561335,7844353,762
4561336,7844354,410
4561337,7844355,360
4561338,7844356,397
4561339,7844357,373
4561343,7844364,601
4561345,7844365,316
4561347,7844366,397
4561347,7844377,416
4561348,7844368,350
4561349,7844369,316
4561350,7844372,316
4561350,7844383,381
4561351,7844373,410
4561352,7844375,1044
4561353,7844376,410
4561354,7844378,409
4561355,7844379,381
4561356,7844380,323
4561357,7844382,316
4561358,7844385,1022
4561359,7844386,322
4561360,7844388,316
4561363,7844397,346
4561364,7844399,1022
4561366,7844400,319
4561369,7844401,1047
4561369,7844439,391
4561370,7844402,370
4561371,7844403,1022
4561373,7844407,395
4561374,7844408,1052
4561375,7844409,395
4561377,7844411,378
4561378,7844412,1047
4561380,7844413,416
4561383,7844414,356
4561384,7844415,339
4561385,7844416,380
4561388,7844418,316
4561389,7844420,1040
4561389,7844441,392
4561390,7844421,416
4561391,7844422,323
4561392,7844423,307
4561393,7844424,380
4561394,7844425,409
4561395,7844426,621
4561398,7844427,323
4561401,7844429,323
4561401,7845651,413
4561402,7844432,1022
4561403,7844434,380
4561404,7844435,385
4561405,7844436,342
4561406,7844437,320
4561407,7844438,373
4561409,7844444,1022
4561409,7844476,1022
4561410,7844445,409
4561411,7844446,316
4561412,7844447,303
4561413,7844448,416
4561413,7844452,416
4561414,7844449,1022
4561415,7844450,340
4561416,7844451,305
4561418,7844453,393
4561421,7844454,385
4561423,7844456,360
4561424,7844457,371
4561424,7844459,371
4561424,7844465,1022
4561425,7844458,305
4561426,7844461,381
4561427,7844468,316
4561428,7844469,1022
4561429,7844470,1022
4561430,7844471,316
4561431,7844472,302
4561432,7844473,324
4561433,7844474,381
4561436,7844478,312
4561437,7844479,324
4561438,7844481,316
4561439,7844482,316
4561440,7844483,374
4561441,7844484,381
4561442,7844485,349
4561444,7844489,1022
4561445,7844491,581
4561446,7844492,1103
4561448,7844496,333
4561451,7844498,409
4561452,7844500,307
4561452,7844502,406
4561452,7844503,313
4561452,7844504,313
4561452,7844506,391
4561453,7844501,316
4561456,7844507,421
4561457,7844510,406
4561458,7844513,409
4561459,7844514,395
4561460,7844515,409
4561462,7844516,581
4561463,7844517,762
4561464,7844518,342
4561465,7844519,393
4561466,7844521,1033
4561467,7844522,306
4561468,7844523,373
4561469,7844524,1022
4561470,7844525,328
4561472,7844526,316
4561473,7844527,319
4561474,7844528,1044
4561475,7844529,581
4561476,7844530,409
4561479,7844532,305
4561480,7844533,409
4561482,7844534,1047
4561484,7844537,334
4561486,7844538,397
4561489,7844539,418
4561490,7844540,381
4561491,7844542,409
4561492,7844543,421
4561493,7844544,316
4561495,7844545,381
4561496,7844546,322
4561498,7844549,316
4561499,7844550,1022
4561507,7844551,319
4561507,7844554,319
4561509,7844552,1022
4561510,7844553,313
4561511,7844555,313
4561512,7844556,307
4561513,7844557,1041
4561514,7844558,418
4561516,7844559,316
4561517,7844560,501
4561518,7844562,358
4561519,7844563,301
4561520,7844564,359
4561521,7844566,367
4561522,7844568,322
4561523,7844570,381
4561524,7844571,390
4561525,7844572,581
4561525,7844575,391
4561526,7844574,360
4561527,7844576,310
4561528,7844577,354
4561530,7844578,1101
4561531,7844581,366
4561531,7844584,366
4561532,7844582,385
4561535,7844583,340
4561540,7844586,461
4561542,7844587,1022
4561544,7844589,701
4561545,7844591,384
4561546,7844592,387
4561547,7844593,387
4561548,7844595,417
4561550,7844596,741
4561551,7844597,322
4561552,7844598,981
4561553,7844599,329
4561554,7844600,381
4561555,7844601,1022
4561556,7844602,1023
4561557,7844603,1110
4561558,7844604,621
4561559,7844605,306
4561560,7844606,386
4561563,7844609,406
4561564,7844610,327
4561565,7844611,762
4561566,7844612,1029
4561567,7844613,316
4561570,7844620,409
4561571,7844621,1022
4561573,7844622,317
4561575,7844624,374
4561576,7844625,312
4561576,7844628,312
4561576,7844629,312
4561576,7844630,421
4561576,7844631,316
4561576,7844632,316
4561577,7844626,409
4561578,7844635,312
4561579,7844638,319
4561580,7844639,392
4561580,7848996,313
4561581,7844642,340
4561582,7844643,374
4561583,7844644,305
4561584,7844645,323
4561585,7844646,410
4561586,7844647,307
4561587,7844648,310
4561588,7844649,1022
4561589,7844650,1022
4561590,7844651,421
4561591,7844653,360
4561592,7844654,336
4561593,7844655,305
4561595,7844656,410
4561598,7844657,312
4561599,7844658,374
4561600,7844659,381
4561601,7844660,381
4561602,7844661,316
4561603,7844662,312
4561604,7844663,316
4561605,7844665,305
4561606,7844667,1048
4561607,7844668,762
4561608,7844671,373
4561611,7844675,1022
4561612,7844676,381
4561613,7844677,361
4561614,7844678,388
4561616,7844679,374
4561617,7844680,386
4561618,7844681,1022
4561619,7844682,409
4561619,7845198,409
4561622,7844683,323
4561623,7844684,328
4561624,7844685,316
4561625,7844686,410
4561626,7844687,322
4561628,7844688,312
4561631,7844689,324
4561632,7844690,395
4561633,7844691,312
4561634,7844692,395
4561635,7844693,319
4561635,7844699,319
4561636,7844694,421
4561638,7844695,354
4561639,7844696,1022
4561640,7844697,380
4561641,7844700,406
4561642,7844701,1022
4561643,7844702,521
4561644,7844703,416
4561645,7844704,381
4561645,7844995,1112
4561646,7844705,397
4561647,7844706,316
4561647,7844726,316
4561648,7844708,386
4561651,7844709,319
4561653,7844710,316
4561655,7844711,381
4561656,7844712,392
4561656,7844727,581
4561656,7844728,384
4561657,7844713,301
4561659,7844714,762
4561662,7844715,1022
4561663,7844716,310
4561663,7844720,391
4561665,7844717,1022
4561667,7844718,345
4561668,7844721,386
4561669,7844722,581
4561670,7844723,316
4561671,7844724,360
4561675,7844725,386
4561678,7844729,381
4561679,7844730,401
4561680,7844732,374
4561681,7844733,354
4561682,7844734,641
4561683,7844737,380
4561685,7844738,376
4561686,7844739,386
4561687,7844740,409
4561688,7844742,392
4561689,7844743,392
4561690,7844744,380
4561691,7844745,1022
4561693,7844747,354
4561694,7844748,381
4561695,7844749,305
4561696,7844750,312
4561698,7844751,311
4561699,7844752,1022
4561700,7844753,305
4561701,7844754,410
4561702,7844755,421
4561703,7844756,385
4561704,7844757,762
4561705,7844758,354
4561706,7844759,380
4561707,7844760,388
4561707,7844771,388
4561708,7844761,661
4561710,7844762,367
4561711,7844763,381
4561712,7844764,319
4561713,7844765,307
4561714,7844766,302
4561715,7844767,359
4561717,7844770,405
4561718,7844772,392
4561719,7844774,316
4561720,7844775,401
4561720,7844782,401
4561721,7844776,392
4561722,7844777,316
4561724,7844779,360
4561725,7844780,641
4561730,7844781,416
4561736,7844786,416
4561737,7844788,329
4561738,7844789,367
4561739,7844790,741
4561744,7844793,421
4561745,7844794,397
4561746,7844795,360
4561747,7844796,392
4561748,7844797,390
4561749,7844798,741
4561749,7844808,391
4561750,7844799,380
4561751,7844800,322
4561752,7844801,1101
4561753,7844812,342
4561754,7844813,1022
4561755,7844814,361
4561756,7844815,741
4561758,7844817,421
4561760,7844818,328
4561761,7844819,306
4561762,7844820,409
4561763,7844821,409
4561765,7844822,1112
4561766,7844824,581
4561767,7844825,333
4561768,7844827,379
4561769,7844828,303
4561770,7844829,316
4561772,7844830,302
4561773,7844831,406
4561774,7844832,384
4561775,7844833,306
4561776,7844834,390
4561777,7844835,365
4561779,7844836,361
4561780,7844837,397
4561782,7844838,395
4561783,7844839,395
4561784,7844840,416
4561785,7844841,1052
4561786,7844842,414
4561787,7844843,305
4561787,7844849,305
4561787,7847437,305
4561788,7844844,410
4561789,7844845,410
4561791,7844846,360
4561792,7844847,405
4561795,7844850,393
4561797,7844854,1052
4561799,7844855,316
4561800,7844856,317
4561801,7844857,306
4561802,7844858,323
4561803,7844859,323
4561804,7844860,312
4561805,7844861,374
4561807,7844862,322
4561810,7844863,374
4561811,7844864,343
4561812,7844866,381
4561813,7844867,1039
4561814,7844871,316
4561815,7844872,373
4561818,7844876,1047
4561818,7844927,1047
4561818,7844949,391
4561820,7844880,387
4561822,7844881,381
4561823,7844882,441
4561823,7847453,1022
4561824,7844883,312
4561825,7844886,410
4561826,7844887,1044
4561826,7844956,391
4561827,7844889,366
4561827,7844903,366
4561827,7844904,1022
4561827,7844907,366
4561829,7844890,397
4561831,7844892,316
4561832,7844893,374
4561833,7844895,393
4561834,7844896,302
4561835,7844897,581
4561836,7844901,301
4561837,7844902,1107
4561838,7844905,385
4561839,7844906,313
4561839,7844915,313
4561840,7844908,621
4561841,7844909,301
4561842,7844910,395
4561843,7844912,305
4561843,7848839,316
4561844,7844913,1022
4561845,7844914,339
4561845,7845037,339
4561845,7845835,391
4561846,7844916,345
4561849,7844918,316
4561850,7844921,373
4561852,7844922,414
4561853,7844923,413
4561853,7844931,413
4561854,7844924,418
4561855,7844925,406
4561855,7845047,317
4561855,7845048,406
4561855,7845049,391
4561856,7844926,1022
4561859,7844928,381
4561859,7844930,381
4561862,7844929,409
4561864,7844932,367
4561865,7844933,400
4561866,7844934,393
4561867,7844937,319
4561868,7844938,381
4561869,7844943,416
4561872,7844944,316
4561874,7844948,327
4561877,7844951,410
4561878,7844952,346
4561878,7844966,391
4561879,7844953,501
4561879,7844975,501
4561879,7844976,501
4561880,7844954,305
4561881,7844958,621
4561883,7844959,1047
4561884,7844960,374
4561885,7844961,316
4561886,7844962,317
4561887,7844963,376
4561888,7844964,360
4561889,7844965,333
4561890,7844969,323
4561893,7844970,336
4561894,7844971,581
4561894,7845749,301
4561894,7845753,581
4561894,7845754,581
4561895,7844973,319
4561898,7844977,342
4561898,7844996,376
4561902,7844978,417
4561904,7844979,333
4561905,7844980,395
4561906,7844981,360
4561907,7844992,409
4561908,7844993,410
4561910,7844994,1051
4561911,7844997,316
4561912,7844998,409
4561913,7844999,374
4561915,7845000,370
4561916,7845001,340
4561916,7845069,391
4561918,7845002,406
4561920,7845003,385
4561921,7845004,302
4561923,7845005,421
4561924,7845006,1022
4561925,7845007,1022
4561926,7845008,316
4561927,7845009,339
4561928,7845010,305
4561929,7845011,397
4561932,7845012,340
4561933,7845013,371
4561934,7845014,1022
4561935,7845017,1022
4561936,7845018,1022
4561937,7845019,340
4561938,7845020,1106
4561939,7845021,333
4561939,7845034,380
4561941,7845022,1022
4561942,7845023,1022
4561943,7845025,323
4561944,7845027,395
4561945,7845028,328
4561946,7845029,316
4561948,7845030,392
4561948,7845033,581
4561950,7845031,323
4561951,7845032,1022
4561953,7845035,381
4561954,7845036,395
4561955,7845038,316
4561956,7845039,342
4561957,7845040,316
4561958,7845041,320
4561960,7845043,316
4561961,7845044,381
4561962,7845058,323
4561963,7845059,333
4561964,7845060,392
4561964,7845088,301
4561965,7845061,306
4561966,7845064,409
4561967,7845065,393
4561968,7845068,802
4561969,7845071,359
4561970,7845072,641
4561971,7845073,313
4561972,7845074,322
4561973,7845075,1033
4561974,7845078,397
4561975,7845080,374
4561977,7845081,323
4561978,7845082,307
4561979,7845083,356
4561980,7845084,347
4561982,7845085,395
4561983,7845087,329
4561984,7845089,416
4561984,7845103,386
4561985,7845090,1022
4561986,7845091,381
4561987,7845095,406
4561987,7845100,307
4561988,7845097,316
4561989,7845098,355
4561990,7845099,313
4561991,7845101,360
4561993,7845102,901
4561993,7845152,901
4561994,7845104,386
4561995,7845105,1047
4561996,7845106,373
4561997,7845107,1001
4561998,7845108,381
4561999,7845109,337
4562002,7845111,323
4562003,7845112,333
4562004,7845113,354
4562005,7845114,1022
4562008,7845116,1022
4562009,7845117,410
4562011,7845123,397
4562012,7845127,1022
4562012,7845944,641
4562013,7845130,329
4562014,7845132,316
4562014,7845154,1022
4562015,7845133,359
4562016,7845134,316
4562017,7845135,561
4562018,7845136,1022
4562018,7845148,1022
4562019,7845137,421
4562020,7845139,1022
4562021,7845143,316
4562022,7845145,802
4562023,7845146,1022
4562024,7845149,901
4562025,7845150,581
4562026,7845151,316
4562027,7845153,312
4562028,7845155,374
4562029,7845156,354
4562030,7845157,313
4562030,7845197,306
4562031,7845158,381
4562032,7845159,381
4562032,7845163,381
4562032,7845164,381
4562032,7845204,381
4562032,7845205,381
4562032,7845206,381
4562032,7845208,381
4562032,7845209,307
4562032,7845210,307
4562032,7845211,307
4562033,7845160,316
4562034,7845161,319
4562035,7845166,325
4562036,7845167,316
4562037,7845168,397
4562041,7845171,395
4562042,7845172,323
4562043,7845173,360
4562044,7845175,1022
4562045,7845176,360
4562046,7845177,386
4562046,7845193,414
4562047,7845178,333
4562048,7845179,1022
4562049,7845180,381
4562050,7845181,406
4562051,7845182,354
4562052,7845183,390
4562053,7845188,1022
4562054,7845189,392
4562055,7845190,1047
4562056,7845191,323
4562057,7845192,319
4562058,7845194,1040
4562059,7845195,349
4562059,7845227,981
4562060,7845196,346
4562061,7845202,381
4562062,7845203,380
4562063,7845207,1022
4562064,7845212,384
4562065,7845213,323
4562067,7845214,406
4562068,7845215,316
4562069,7845216,310
4562070,7845217,380
4562071,7845218,329
4562072,7845219,323
4562073,7845222,316
4562074,7845223,370
4562075,7845225,461
4562076,7845229,313
4562079,7845230,316
4562081,7845231,395
4562082,7845232,380
4562088,7845233,303
4562089,7845234,388
4562090,7845235,421
4562092,7845236,381
4562094,7845238,310
4562095,7845239,302
4562096,7845241,360
4562097,7845242,421
4562101,7845244,410
4562101,7845587,410
4562101,7846189,391
4562102,7845245,374
4562103,7845246,416
4562104,7845247,346
4562105,7845248,380
4562106,7845250,329
4562106,7845341,1022
4562106,7845344,333
4562106,7845345,333
4562106,7845346,329
4562108,7845251,333
4562111,7845253,661
4562112,7845254,416
4562113,7845255,410
4562119,7845258,386
4562120,7845261,312
4562121,7845262,320
4562122,7845263,1105
4562124,7845264,307
4562125,7845265,410
4562127,7845267,350
4562127,7845293,350
4562128,7845270,397
4562130,7845272,392
4562131,7845273,381
4562132,7845274,410
4562134,7845275,581
4562136,7845277,345
4562137,7845278,1022
4562139,7845280,1022
4562140,7845281,316
4562141,7845282,981
4562142,7845283,350
4562143,7845285,374
4562144,7845286,322
4562146,7845288,406
4562149,7845291,307
4562153,7845292,354
4562157,7845294,336
4562158,7845295,1022
4562159,7845296,323
4562161,7845299,501
4562163,7845300,420
4562163,7845313,420
4562164,7845302,317
4562165,7845303,374
4562166,7845304,1044
4562167,7845305,332
4562168,7845306,317
4562169,7845307,325
4562169,7845385,376
4562170,7845308,306
4562171,7845309,371
4562173,7845310,1047
4562174,7845311,316
4562174,7845353,358
4562175,7845312,581
4562176,7845314,381
4562177,7845315,305
4562178,7845316,392
4562179,7845317,461
4562180,7845318,306
4562181,7845319,316
4562183,7845321,1022
4562184,7845322,374
4562185,7845323,395
4562187,7845325,581
4562188,7845326,376
4562190,7845329,316
4562191,7845331,343
4562192,7845333,312
4562193,7845334,397
4562194,7845335,310
4562195,7845336,416
4562196,7845338,418
4562197,7845340,370
4562198,7845342,381
4562199,7845343,311
4562201,7845348,312
4562201,7845370,501
4562202,7845349,386
4562203,7845350,393
4562207,7845352,406
4562208,7845354,310
4562209,7845355,312
4562210,7845357,397
4562211,7845358,381
4562212,7845360,317
4562213,7845363,416
4562214,7845365,305
4562215,7845366,762
4562217,7845368,395
4562219,7845371,313
4562220,7845372,701
4562223,7845373,350
4562224,7845374,302
4562224,7845405,369
4562226,7845375,561
4562226,7845516,391
4562227,7845376,333
4562228,7845377,981
4562229,7845378,381
4562230,7845379,370
4562231,7845380,1105
4562233,7845382,322
4562236,7845383,359
4562237,7845384,1040
4562238,7845386,410
4562241,7845387,397
4562242,7845388,342
4562243,7845389,406
4562244,7845390,316
4562245,7845392,409
4562246,7845393,1041
4562247,7845394,360
4562248,7845395,380
4562249,7845396,1052
4562250,7845397,316
4562251,7845398,369
4562252,7845399,661
4562253,7845400,316
4562254,7845402,312
4562255,7845403,373
4562257,7845404,328
4562258,7845406,310
4562259,7845407,320
4562260,7845408,306
4562260,7845422,306
4562261,7845410,306
4562263,7845411,581
4562263,7845421,369
4562265,7845412,316
4562266,7845413,336
4562267,7845414,379
4562268,7845415,355
4562269,7845416,323
4562270,7845417,395
4562271,7845418,371
4562272,7845419,360
4562272,7845428,369
4562273,7845420,418
4562274,7845423,421
4562275,7845424,310
4562275,7845438,310
4562276,7845425,762
4562276,7845433,391
4562278,7845426,347
4562279,7845427,386
4562284,7845429,306
4562285,7845430,393
4562286,7845431,374
4562287,7845432,400
4562288,7845435,386
4562289,7845436,381
4562289,7845444,381
4562290,7845437,323
4562290,7845441,323
4562291,7845439,376
4562291,7845448,322
4562292,7845440,420
4562296,7845442,421
4562297,7845443,1022
4562298,7845445,324
4562298,7845454,324
4562299,7845446,376
4562299,7845469,376
4562300,7845447,1027
4562301,7845450,395
4562302,7845451,349
4562303,7845452,802
4562304,7845453,312
4562306,7845457,409
4562306,7845460,374
4562307,7845458,386
4562309,7845459,409
4562309,7845486,374
4562311,7845461,381
4562312,7845462,386
4562313,7845463,409
4562314,7845464,621
4562315,7845465,1022
4562316,7845466,323
4562317,7845467,333
4562318,7845468,379
4562319,7845470,316
4562320,7845471,409
4562321,7845472,1046
4562322,7845474,392
4562323,7845475,381
4562324,7845477,323
4562328,7845480,307
4562329,7845483,1041
4562332,7845487,329
4562333,7845488,409
4562334,7845489,581
4562334,7847019,399
4562335,7845490,762
4562336,7845491,367
4562336,7845494,367
4562337,7845492,374
4562341,7845495,406
4562342,7845496,322
4562343,7845497,395
4562344,7845498,381
4562345,7845499,316
4562345,7845515,316
4562345,7845521,320
4562346,7845500,1022
4562347,7845501,395
4562348,7845503,316
4562352,7845506,1038
4562355,7845508,346
4562355,7845522,391
4562358,7845509,329
4562361,7845510,381
4562362,7845511,1022
4562363,7845513,311
4562364,7845514,581
4562366,7845523,395
4562368,7845524,349
4562369,7845525,333
4562370,7845532,387
4562371,7845538,354
4562374,7845539,1022
4562374,7845552,1022
4562375,7845540,421
4562376,7845542,581
4562377,7845543,409
4562378,7845544,316
4562379,7845545,316
4562380,7845546,369
4562381,7845547,392
4562382,7845548,354
4562384,7845549,621
4562385,7845554,387
4562386,7845556,322
4562387,7845557,397
4562388,7845560,1047
4562389,7845561,1046
4562390,7845562,301
4562391,7845563,369
4562392,7845564,316
4562394,7845565,305
4562395,7845566,323
4562396,7845567,393
4562396,7846320,328
4562397,7845568,409
4562398,7845569,404
4562399,7845570,1044
4562401,7845571,305
4562402,7845572,313
4562403,7845573,319
4562404,7845574,1022
4562406,7845575,409
4562408,7845576,1022
4562409,7845579,384
4562409,7845746,384
4562410,7845581,381
4562411,7845582,381
4562413,7845583,312
4562415,7845584,302
4562416,7845585,389
4562417,7845586,323
4562418,7845588,409
4562419,7845590,373
4562420,7845591,1040
4562421,7845592,311
4562421,7845727,311
4562422,7845593,410
4562423,7845594,409
4562424,7845596,380
4562425,7845598,409
4562426,7845599,339
4562428,7845601,334
4562429,7845602,323
4562430,7845603,1022
4562431,7845604,406
4562432,7845605,360
4562433,7845606,316
4562434,7845608,316
4562435,7845609,319
4562436,7845610,381
4562437,7845611,316
4562438,7845612,406
4562439,7845613,360
4562440,7845614,1051
4562441,7845615,1022
4562442,7845616,397
4562443,7845617,1022
4562445,7845620,395
4562447,7845621,741
4562448,7845622,409
4562449,7845623,374
4562450,7845624,313
4562451,7845625,312
4562452,7845626,343
4562453,7845628,1033
4562454,7845631,307
4562457,7845633,316
4562459,7845634,397
4562461,7845635,1022
4562462,7845637,1044
4562463,7845638,385
4562464,7845639,323
4562465,7845643,337
4562465,7845656,337
4562466,7845644,316
4562467,7845645,350
4562469,7845647,381
4562470,7845648,420
4562471,7845649,384
4562472,7845650,329
4562473,7845654,380
4562476,7845655,409
4562476,7845711,409
4562477,7845657,316
4562478,7845658,762
4562480,7845659,332
4562482,7845661,319
4562482,7845702,319
4562482,7845704,325
4562484,7845662,306
4562485,7845663,316
4562487,7845664,392
4562488,7845665,410
4562489,7845666,441
4562490,7845667,581
4562491,7845668,316
4562492,7845701,301
4562493,7845703,329
4562494,7845706,395
4562495,7845710,395
4562497,7845712,1046
4562498,7845713,307
4562498,7845716,307
4562498,7845861,1046
4562498,7845862,332
4562499,7845715,416
4562500,7845717,1022
4562501,7845718,415
4562502,7845720,581
4562503,7845721,380
4562504,7845722,378
4562506,7845724,336
4562507,7845725,376
4562508,7845726,1044
4562509,7845728,323
4562510,7845729,323
4562511,7845734,392
4562512,7845736,621
4562514,7845740,312
4562515,7845741,1022
4562516,7845743,1022
4562516,7845745,1022
4562517,7845744,316
4562518,7845747,385
4562519,7845748,360
4562520,7845750,312
4562521,7845752,1022
4562522,7845755,395
4562523,7845756,385
4562524,7845757,386
4562525,7845758,332
4562526,7845759,1022
4562527,7845760,316
4562528,7845762,362
4562529,7845763,307
4562530,7845764,360
4562531,7845765,319
4562532,7845766,386
4562533,7845768,310
4562534,7845769,1047
4562535,7845770,316
4562536,7845771,385
4562537,7845773,404
4562538,7845775,1046
4562539,7845776,380
4562540,7845777,404
4562541,7845778,1022
4562542,7845779,395
4562544,7845780,762
4562544,7848669,762
4562544,7848670,417
4562544,7848671,417
4562544,7848672,417
4562544,7848674,416
4562544,7848675,417
4562544,7848676,417
4562544,7848678,762
4562544,7848687,417
4562544,7848689,418
4562544,7848690,404
4562544,7848692,417
4562547,7845781,323
4562548,7845782,307
4562549,7845783,1022
4562550,7845784,385
4562551,7845785,354
4562553,7845786,312
4562554,7845787,316
4562555,7845789,329
4562555,7845800,376
4562556,7845790,395
4562557,7845793,1046
4562558,7845795,333
4562559,7845796,307
4562560,7845798,581
4562561,7845799,621
4562562,7845801,601
4562565,7845802,323
4562566,7845803,380
4562567,7845804,310
4562568,7845805,416
4562569,7845806,316
4562570,7845807,342
4562572,7845808,408
4562577,7845809,409
4562579,7845810,581
4562583,7845811,316
4562584,7845812,762
4562585,7845813,421
4562586,7845814,1022
4562587,7845815,359
4562589,7845817,307
4562590,7845818,386
4562596,7845821,329
4562603,7845822,410
4562604,7845823,397
4562605,7845824,392
4562606,7845825,342
4562607,7845826,409
4562608,7845827,1022
4562610,7845828,1022
4562611,7845829,329
4562612,7845830,1048
4562614,7845832,345
4562615,7845833,336
4562616,7845834,397
4562618,7845837,386
4562619,7845838,371
4562620,7845839,381
4562620,7845844,381
4562621,7845840,301
4562624,7845841,416
4562625,7845842,1141
4562626,7845843,378
4562627,7845845,316
4562628,7845847,381
4562629,7845848,310
4562630,7845849,316
4562631,7845851,323
4562632,7845852,1022
4562634,7845857,325
4562636,7845858,1022
4562637,7845859,323
4562638,7845860,380
4562639,7845864,316
4562640,7845866,374
4562641,7845867,323
4562643,7845868,333
4562644,7845869,307
4562645,7845870,381
4562648,7845872,641
4562649,7845873,319
4562650,7845874,1040
4562651,7845875,881
4562651,7845921,881
4562652,7845876,316
4562653,7845877,360
4562654,7845878,316
4562655,7845880,641
4562656,7845882,397
4562657,7845884,317
4562658,7845885,1038
4562660,7845887,323
4562661,7845889,381
4562662,7845890,323
4562663,7845892,416
4562664,7845893,329
4562666,7845896,701
4562667,7845897,390
4562668,7845899,323
4562669,7845900,421
4562671,7845903,581
4562672,7845904,1048
4562673,7845905,316
4562674,7845906,316
4562675,7845907,360
4562683,7845909,409
4562684,7845910,374
4562687,7845912,385
4562688,7845913,406
4562689,7845914,319
4562690,7845915,1022
4562694,7845916,410
4562695,7845917,323
4562696,7845918,1022
4562697,7845920,1040
4562698,7845922,374
4562700,7845923,392
4562701,7845924,374
4562701,7845942,385
4562702,7845925,316
4562706,7845926,316
4562708,7845928,301
4562710,7845930,381
4562712,7845931,581
4562713,7845932,410
4562713,7845938,316
4562713,7845950,306
4562713,7845951,316
4562715,7845933,333
4562716,7845935,325
4562717,7845936,581
4562718,7845937,333
4562720,7845939,305
4562721,7845940,395
4562722,7845941,410
4562723,7845943,417
4562723,7846075,417
4562724,7845945,322
4562725,7845946,1022
4562726,7845949,380
4562727,7845952,395
4562729,7845953,1022
4562730,7845954,322
4562731,7845955,392
4562732,7845956,1033
4562733,7845957,354
4562734,7845958,316
4562735,7845959,1022
4562738,7845961,421
4562739,7845962,386
4562739,7846019,386
4562739,7846020,386
4562739,7846021,393
4562739,7846022,393
4562739,7846023,421
4562740,7845963,316
4562741,7845964,345
4562742,7845965,501
4562743,7845966,323
4562745,7845967,395
4562746,7845968,305
4562747,7845970,901
4562748,7845971,393
4562748,7848007,395
4562749,7845973,386
4562750,7845974,1101
4562750,7845992,1101
4562754,7845975,416
4562756,7845977,741
4562759,7845979,333
4562760,7845980,1038
4562761,7845981,346
4562762,7845982,381
4562763,7845983,395
4562764,7845993,395
4562765,7845994,409
4562766,7845995,581
4562767,7845996,409
4562768,7845997,323
4562769,7845998,402
4562770,7845999,397
4562773,7846003,1027
4562774,7846004,332
4562775,7846005,392
4562776,7846006,381
4562778,7846008,641
4562779,7846009,323
4562780,7846010,401
4562781,7846011,378
4562782,7846012,1022
4562783,7846013,416
4562784,7846014,381
4562786,7846015,386
4562787,7846016,400
4562788,7846017,581
4562789,7846024,319
4562790,7846025,329
4562790,7846034,387
4562791,7846026,313
4562792,7846027,501
4562793,7846030,385
4562794,7846031,1022
4562797,7846035,762
4562798,7846036,961
4562799,7846037,360
4562800,7846039,1047
4562801,7846043,323
4562805,7846048,313
4562806,7846049,394
4562807,7846050,441
4562807,7846060,441
4562808,7846051,1022
4562809,7846052,414
4562810,7846053,316
4562812,7846054,381
4562813,7846055,302
4562814,7846056,387
4562815,7846057,386
4562816,7846058,349
4562817,7846062,681
4562818,7846064,306
4562819,7846065,332
4562820,7846066,306
4562821,7846067,416
4562823,7846068,395
4562824,7846069,333
4562826,7846070,409
4562829,7846072,392
4562830,7846073,394
4562831,7846074,1022
4562832,7846076,401
4562833,7846077,822
4562834,7846078,327
4562834,7846087,360
4562835,7846081,346
4562836,7846082,412
4562836,7846103,412
4562837,7846084,395
4562838,7846085,1041
4562839,7846088,330
4562840,7846089,1022
4562841,7846090,410
4562842,7846091,412
4562842,7846111,412
4562843,7846092,395
4562844,7846093,1045
4562845,7846094,1022
4562846,7846095,1022
4562847,7846104,501
4562848,7846105,358
4562849,7846106,359
4562849,7846120,359
4562850,7846107,1046
4562851,7846108,316
4562851,7846140,416
4562852,7846109,307
4562853,7846110,378
4562853,7846115,312
4562854,7846112,414
4562855,7846113,350
4562856,7846116,621
4562856,7846128,621
4562857,7846117,1022
4562858,7846119,303
4562859,7846121,317
4562860,7846122,345
4562861,7846123,981
4562863,7846124,409
4562864,7846125,359
4562864,7846137,359
4562865,7846126,1022
4562866,7846127,409
4562869,7846129,417
4562869,7846144,661
4562870,7846130,395
4562872,7846132,409
4562873,7846133,394
4562875,7846134,347
4562876,7846135,380
4562877,7846136,1046
4562879,7846138,317
4562882,7846139,374
4562883,7846141,307
4562883,7846152,307
4562884,7846142,316
4562885,7846143,343
4562888,7846145,408
4562889,7846146,301
4562890,7846147,360
4562892,7846148,409
4562892,7846198,371
4562892,7846206,374
4562893,7846149,333
4562894,7846150,409
4562894,7846160,359
4562895,7846151,332
4562896,7846153,1001
4562897,7846154,306
4562898,7846155,1046
4562899,7846156,386
4562900,7846157,416
4562903,7846158,307
4562903,7846166,409
4562906,7846159,351
4562908,7846161,329
4562909,7846164,416
4562909,7846184,416
4562910,7846165,402
4562911,7846167,316
4562912,7846168,421
4562914,7846169,310
4562916,7846170,373
4562917,7846171,1022
4562918,7846172,380
4562919,7846173,367
4562920,7846174,305
4562921,7846175,316
4562922,7846176,380
4562923,7846177,410
4562924,7846179,409
4562925,7846180,393
4562926,7846181,313
4562926,7846196,418
4562927,7846182,329
4562929,7846183,416
4562930,7846185,1022
4562930,7846203,1022
4562931,7846186,1052
4562932,7846187,418
4562932,7846200,313
4562933,7846188,310
4562934,7846190,316
4562935,7846191,380
4562936,7846192,461
4562937,7846193,385
4562939,7846195,1047
4562940,7846199,416
4562941,7846201,416
4562942,7846202,410
4562943,7846204,409
4562944,7846205,416
4562945,7846207,342
4562946,7846208,312
4562947,7846209,381
4562948,7846210,641
4562949,7846212,307
4562950,7846213,307
4562951,7846215,307
4562953,7846218,395
4562954,7846219,1022
4562955,7846220,345
4562956,7846221,1044
4562957,7846222,307
4562958,7846224,1046
4562959,7846225,376
4562960,7846226,361
4562960,7847632,361
4562961,7846227,323
4562961,7846228,323
4562962,7846230,316
4562963,7846231,1022
4562964,7846232,361
4562965,7846235,410
4562966,7846236,409
4562967,7846245,306
4562968,7846248,385
4562969,7846249,1049
4562970,7846250,392
4562971,7846251,312
4562972,7846252,307
4562973,7846253,323
4562974,7846254,342
4562975,7846255,581
4562976,7846256,741
4562977,7846257,316
4562978,7846258,409
4562979,7846261,1022
4562980,7846262,641
4562982,7846264,380
4562983,7846265,421
4562984,7846266,741
4562985,7846268,1022
4562986,7846272,360
4562987,7846274,320
4562988,7846275,409
4562989,7846276,323
4562990,7846277,395
4562991,7846279,400
4562992,7846280,1022
4562994,7846281,416
4562996,7846282,305
4562997,7846283,316
4562998,7846284,397
4562999,7846285,316
4563000,7846286,392
4563001,7846287,1022
4563003,7846288,322
4563004,7846289,1047
4563005,7846292,320
4563007,7846293,395
4563008,7846294,350
4563009,7846295,392
4563010,7846296,316
4563011,7846297,349
4563012,7846299,316
4563014,7846301,370
4563015,7846302,381
4563016,7846303,356
4563019,7846304,395
4563028,7846306,386
4563028,7846459,386
4563028,7846632,394
4563031,7846307,981
4563032,7846308,410
4563033,7846309,317
4563034,7846310,381
4563034,7846314,395
4563035,7846312,521
4563036,7846318,316
4563037,7846319,395
4563038,7846323,395
4563039,7846324,381
4563040,7846325,381
4563041,7846326,307
4563042,7846329,310
4563043,7846330,762
4563047,7846331,316
4563052,7846332,333
4563062,7846334,1022
4563063,7846335,409
4563066,7846336,370
4563066,7846340,370
4563068,7846337,641
4563069,7846338,359
4563069,7846350,359
4563070,7846339,323
4563071,7846342,1044
4563072,7846343,312
4563073,7846344,1022
4563074,7846345,323
4563075,7846346,370
4563079,7846347,316
4563080,7846348,1021
4563080,7846368,1021
4563081,7846349,355
4563082,7846351,323
4563083,7846352,1021
4563083,7846374,802
4563084,7846363,1022
4563084,7846388,1022
4563085,7846364,358
4563086,7846367,329
4563087,7846369,373
4563088,7846370,381
4563090,7846371,621
4563090,7846376,621
4563092,7846372,378
4563093,7846373,1047
4563094,7846375,395
4563095,7846377,762
4563096,7846378,1022
4563097,7846380,420
4563097,7846384,420
4563099,7846381,1022
4563100,7846385,346
4563101,7846386,701
4563103,7846390,316
4563104,7846392,641
4563106,7846394,1026
4563107,7846395,316
4563108,7846396,581
4563109,7846397,323
4563110,7846399,1022
4563111,7846401,376
4563112,7846403,1022
4563114,7846404,561
4563115,7846405,380
4563117,7846406,316
4563119,7846408,1033
4563120,7846409,1022
4563121,7846410,641
4563122,7846411,381
4563125,7846413,1022
4563127,7846414,1108
4563128,7846416,374
4563131,7846418,307
4563132,7846420,416
4563132,7846448,391
4563132,7846457,416
4563133,7846421,325
4563134,7846427,1022
4563135,7846445,409
4563136,7846446,501
4563137,7846447,410
4563139,7846453,313
4563140,7846455,307
4563142,7846456,307
4563143,7846460,741
4563144,7846461,316
4563145,7846462,307
4563145,7847938,333
4563145,7849036,312
4563146,7846463,395
4563147,7846464,395
4563149,7846465,409
4563150,7846466,392
4563151,7846467,306
4563154,7846468,316
4563155,7846469,741
4563156,7846470,641
4563157,7846471,305
4563159,7846472,395
4563162,7846475,1001
4563163,7846476,322
4563164,7846477,312
4563165,7846478,373
4563165,7846480,373
4563166,7846479,323
4563167,7846481,316
4563168,7846482,381
4563169,7846484,762
4563173,7846486,1029
4563174,7846487,323
4563175,7846488,327
4563176,7846489,381
4563177,7846490,319
4563178,7846491,1040
4563179,7846492,1022
4563180,7846493,360
4563181,7846494,741
4563182,7846495,329
4563183,7846496,322
4563185,7846497,316
4563185,7846569,316
4563185,7846595,391
4563186,7846498,395
4563187,7846499,981
4563188,7846500,1046
4563189,7846501,370
4563191,7846502,921
4563192,7846503,481
4563194,7846505,380
4563194,7846546,385
4563195,7846506,409
4563196,7846507,305
4563197,7846509,1022
4563198,7846510,311
4563199,7846511,1022
4563200,7846512,401
4563202,7846513,312
4563208,7846514,316
4563209,7846515,305
4563209,7846524,305
4563209,7846525,305
4563210,7846516,681
4563216,7846518,316
4563217,7846519,410
4563218,7846520,367
4563220,7846521,421
4563221,7846522,1041
4563222,7846523,349
4563223,7846526,306
4563224,7846528,410
4563225,7846530,323
4563226,7846531,1022
4563230,7846533,374
4563231,7846534,364
4563232,7846535,409
4563233,7846536,307
4563234,7846537,641
4563235,7846538,333
4563236,7846540,316
4563237,7846542,303
4563237,7846552,303
4563238,7846543,410
4563239,7846544,316
4563243,7846545,581
4563244,7846547,410
4563245,7846548,316
4563246,7846551,385
4563248,7846553,350
4563249,7846554,361
4563250,7846555,350
4563251,7846557,397
4563252,7846558,336
4563253,7846559,302
4563253,7847251,391
4563254,7846560,409
4563255,7846561,395
4563256,7846562,395
4563258,7846563,381
4563259,7846564,397
4563260,7846565,581
4563261,7846567,349
4563262,7846568,373
4563262,7847866,391
4563263,7846570,581
4563264,7846571,316
4563266,7846572,392
4563267,7846573,380
4563268,7846574,581
4563268,7846608,329
4563270,7846575,329
4563271,7846576,1037
4563272,7846577,323
4563273,7846580,581
4563274,7846581,323
4563275,7846582,313
4563276,7846584,581
4563277,7846585,1022
4563278,7846586,323
4563281,7846590,301
4563282,7846591,380
4563283,7846592,393
4563284,7846593,410
4563285,7846594,392
4563288,7846610,369
4563289,7846611,378
4563290,7846612,320
4563292,7846613,305
4563293,7846614,358
4563294,7846615,310
4563294,7846629,310
4563294,7846662,388
4563295,7846616,981
4563296,7846617,316
4563297,7846618,410
4563298,7846619,333
4563299,7846620,347
4563301,7846621,310
4563302,7846622,373
4563303,7846625,384
4563304,7846626,1101
4563305,7846627,416
4563306,7846628,387
4563307,7846630,365
4563308,7846631,1046
4563309,7846633,409
4563310,7846634,384
4563311,7846637,421
4563313,7846638,381
4563314,7846639,323
4563316,7846640,306
4563317,7846641,581
4563318,7846642,1022
4563319,7846643,581
4563320,7846646,410
4563323,7846647,1022
4563324,7846648,380
4563325,7846649,416
4563326,7846650,316
4563329,7846655,410
4563331,7846656,316
4563332,7846657,378
4563334,7846659,323
4563335,7846660,416
4563336,7846661,324
4563337,7846663,323
4563338,7846664,1022
4563339,7846665,310
4563340,7846666,302
4563342,7846667,416
4563343,7846668,399
4563343,7847310,399
4563344,7846671,312
4563345,7846672,333
4563346,7846673,380
4563347,7846674,1041
4563349,7846675,381
4563351,7846677,395
4563352,7846678,342
4563353,7846679,822
4563354,7846680,374
4563355,7846681,323
4563357,7846682,323
4563358,7846683,1022
4563358,7846686,762
4563358,7846688,420
4563359,7846684,385
4563360,7846685,316
4563361,7846689,317
4563362,7846690,1047
4563364,7846691,384
4563364,7846700,384
4563367,7846692,336
4563367,7846723,390
4563368,7846693,399
4563369,7846694,312
4563370,7846695,406
4563373,7846697,361
4563374,7846698,385
4563375,7846699,380
4563376,7846701,359
4563377,7846702,316
4563379,7846703,1041
4563380,7846704,311
4563381,7846705,1038
4563382,7846706,381
4563384,7846707,1040
4563385,7846708,301
4563387,7846709,1022
4563388,7846710,1047
4563390,7846711,393
4563394,7846712,310
4563395,7846713,311
4563396,7846714,323
4563397,7846715,1022
4563398,7846716,762
4563398,7846749,762
4563399,7846717,416
4563400,7846719,316
4563401,7846720,378
4563402,7846721,1022
4563403,7846722,370
4563404,7846724,381
4563405,7846728,409
4563406,7846729,521
4563407,7846730,395
4563408,7846731,581
4563409,7846732,1022
4563410,7846733,320
4563411,7846734,581
4563411,7846737,581
4563412,7846735,328
4563417,7846736,323
4563418,7846738,416
4563420,7846740,621
4563421,7846741,323
4563422,7846742,310
4563423,7846744,333
4563424,7846746,303
4563425,7846748,381
4563426,7846750,316
4563427,7846751,323
4563428,7846752,310
4563429,7846754,386
4563430,7846755,381
4563430,7846857,395
4563431,7846756,373
4563432,7846757,311
4563434,7846758,380
4563435,7846759,410
4563436,7846760,1044
4563437,7846761,406
4563438,7846763,395
4563443,7846764,410
4563444,7846765,395
4563445,7846766,1041
4563446,7846767,361
4563447,7846769,322
4563449,7846770,395
4563450,7846771,323
4563451,7846772,340
4563452,7846773,329
4563453,7846774,399
4563456,7846775,400
4563457,7846776,741
4563457,7846799,409
4563458,7846777,1102
4563459,7846778,381
4563460,7846779,386
4563461,7846780,354
4563462,7846781,421
4563463,7846782,316
4563464,7846786,323
4563465,7846789,1022
4563466,7846790,393
4563467,7846791,354
4563468,7846793,621
4563469,7846794,420
4563470,7846795,316
4563471,7846796,381
4563472,7846797,301
4563474,7846798,397
4563475,7846801,1107
4563476,7846803,381
4563477,7846804,306
4563478,7846806,1022
4563479,7846807,365
4563480,7846808,409
4563481,7846809,1022
4563483,7846811,379
4563484,7846812,417
4563485,7846813,386
4563486,7846814,333
4563487,7846815,393
4563488,7846816,343
4563488,7846829,343
4563488,7846830,395
4563489,7846817,387
4563490,7846819,316
4563491,7846820,349
4563492,7846821,1026
4563493,7846822,409
4563493,7847377,409
4563494,7846823,360
4563495,7846824,581
4563495,7846841,581
4563496,7846825,378
4563497,7846826,415
4563498,7846827,395
4563499,7846828,316
4563500,7846831,741
4563501,7846832,386
4563502,7846833,1041
4563503,7846834,374
4563504,7846835,349
4563506,7846837,316
4563507,7846838,741
4563508,7846839,371
4563510,7846840,395
4563513,7846843,392
4563514,7846845,1104
4563515,7846846,416
4563515,7846875,416
4563516,7846847,421
4563517,7846848,416
4563518,7846849,621
4563521,7846853,397
4563521,7846874,333
4563522,7846854,337
4563523,7846855,392
4563523,7846865,316
4563524,7846856,421
4563527,7846858,337
4563528,7846859,374
4563529,7846860,323
4563530,7846861,1041
4563531,7846862,322
4563531,7846895,414
4563531,7846917,391
4563533,7846863,409
4563536,7846864,1022
4563536,7847001,1022
4563538,7846866,395
4563539,7846867,302
4563539,7846880,416
4563540,7846868,1052
4563541,7846869,418
4563542,7846870,301
4563543,7846872,1040
4563544,7846873,370
4563547,7846876,333
4563547,7846884,316
4563549,7846877,336
4563551,7846878,386
4563552,7846879,373
4563553,7846881,1047
4563554,7846882,316
4563555,7846883,306
4563556,7846885,350
4563557,7846886,1022
4563557,7847091,762
4563557,7847217,1030
4563557,7847238,410
4563558,7846887,397
4563560,7846888,409
4563562,7846890,323
4563563,7846891,343
4563565,7846892,373
4563566,7846893,416
4563567,7846894,316
4563568,7846896,741
4563569,7846897,395
4563570,7846898,305
4563570,7846922,305
4563570,7846924,391
4563571,7846899,416
4563573,7846902,316
4563574,7846903,305
4563575,7846904,409
4563576,7846905,301
4563577,7846906,409
4563578,7846908,416
4563579,7846909,1038
4563579,7846969,415
4563579,7847204,1038
4563582,7846911,323
4563583,7846912,397
4563588,7846916,319
4563589,7846919,395
4563590,7846920,323
4563591,7846921,409
4563593,7846923,1022
4563593,7846935,1022
4563593,7846941,1022
4563594,7846930,399
4563594,7847002,391
4563595,7846942,374
4563596,7846943,395
4563597,7846944,317
4563598,7846945,329
4563599,7846946,360
4563600,7846947,350
4563601,7846948,381
4563602,7846950,323
4563603,7846951,380
4563604,7846964,378
4563605,7846965,316
4563606,7846966,323
4563607,7846967,310
4563608,7846968,416
4563609,7846970,1022
4563611,7846971,350
4563613,7846972,373
4563617,7846973,316
4563620,7846975,333
4563621,7846976,392
4563624,7846977,404
4563625,7846978,409
4563626,7846979,380
4563628,7846980,381
4563630,7846981,399
4563630,7846984,399
4563630,7847188,391
4563633,7846982,316
4563634,7846983,416
4563637,7846985,822
4563638,7846986,333
4563639,7846988,384
4563642,7846989,409
4563644,7846993,461
4563644,7847167,461
4563645,7846994,305
4563651,7846996,393
4563651,7847754,1040
4563657,7846998,392
4563657,7847011,391
4563659,7846999,305
4563660,7847000,395
4563661,7847008,1001
4563662,7847009,316
4563666,7847010,561
4563670,7847017,306
4563671,7847020,359
4563672,7847021,1022
4563673,7847022,323
4563674,7847023,406
4563675,7847024,346
4563676,7847025,305
4563677,7847027,319
4563678,7847028,374
4563679,7847029,374
4563680,7847030,393
4563680,7847039,581
4563681,7847031,386
4563682,7847032,381
4563683,7847033,418
4563684,7847034,374
4563686,7847035,323
4563687,7847036,901
4563688,7847037,421
4563689,7847038,621
4563692,7847040,401
4563693,7847041,901
4563695,7847042,380
4563696,7847043,316
4563697,7847047,376
4563699,7847048,360
4563700,7847049,366
4563701,7847050,380
4563702,7847051,1022
4563703,7847052,316
4563713,7847054,386
4563714,7847055,397
4563715,7847056,386
4563715,7847083,386
4563716,7847057,1001
4563717,7847058,410
4563718,7847059,1022
4563720,7847061,316
4563721,7847062,312
4563723,7847063,316
4563724,7847064,313
4563725,7847065,380
4563728,7847067,408
4563729,7847068,390
4563730,7847069,316
4563731,7847070,328
4563732,7847071,418
4563733,7847072,367
4563734,7847074,390
4563735,7847075,371
4563736,7847076,307
4563739,7847079,386
4563740,7847080,360
4563741,7847081,1022
4563742,7847082,316
4563743,7847084,390
4563745,7847090,395
4563746,7847092,1040
4563747,7847093,416
4563749,7847094,395
4563751,7847096,409
4563751,7847111,409
4563752,7847097,378
4563753,7847098,410
4563756,7847099,741
4563757,7847100,322
4563758,7847101,661
4563759,7847102,301
4563760,7847104,302
4563761,7847106,390
4563762,7847107,371
4563763,7847108,762
4563764,7847109,381
4563767,7847112,400
4563768,7847113,397
4563769,7847115,762
4563770,7847116,417
4563771,7847117,1040
4563773,7847119,316
4563774,7847120,416
4563775,7847121,360
4563776,7847122,1022
4563777,7847123,393
4563778,7847124,741
4563780,7847126,320
4563781,7847129,406
4563783,7847156,316
4563784,7847163,921
4563785,7847164,313
4563786,7847165,303
4563787,7847166,373
4563790,7847168,330
4563791,7847169,303
4563792,7847170,358
4563793,7847171,410
4563794,7847172,380
4563795,7847173,395
4563796,7847174,641
4563798,7847175,361
4563799,7847176,316
4563800,7847177,381
4563802,7847178,316
4563803,7847179,310
4563805,7847183,386
4563806,7847199,1101
4563808,7847202,301
4563809,7847203,302
4563812,7847205,381
4563812,7847214,381
4563815,7847209,360
4563816,7847210,323
4563817,7847211,374
4563818,7847212,501
4563819,7847213,390
4563822,7847215,395
4563823,7847216,358
4563824,7847218,359
4563825,7847219,1038
4563827,7847222,395
4563828,7847223,410
4563833,7847225,310
4563834,7847226,395
4563835,7847227,319
4563835,7847235,391
4563836,7847228,378
4563837,7847229,581
4563838,7847230,323
4563839,7847231,416
4563840,7847232,307
4563841,7847233,374
4563842,7847234,310
4563843,7847239,323
4563844,7847240,320
4563846,7847241,333
4563848,7847242,1049
4563853,7847243,323
4563854,7847244,393
4563855,7847245,305
4563856,7847246,381
4563857,7847247,316
4563858,7847248,381
4563862,7847249,316
4563863,7847250,762
4563868,7847254,1022
4563869,7847255,395
4563870,7847256,397
4563871,7847257,312
4563872,7847259,305
4563873,7847260,305
4563874,7847261,581
4563875,7847262,360
4563876,7847264,1022
4563877,7847265,320
4563878,7847266,406
4563880,7847267,380
4563881,7847268,1047
4563882,7847269,323
4563883,7847270,386
4563885,7847271,741
4563886,7847272,322
4563887,7847273,1022
4563888,7847274,392
4563891,7847275,316
4563892,7847276,380
4563892,7847802,391
4563894,7847277,581
4563895,7847278,329
4563896,7847279,332
4563897,7847281,317
4563898,7847282,339
4563899,7847283,409
4563900,7847284,354
4563901,7847285,421
4563902,7847286,332
4563903,7847287,322
4563904,7847288,320
4563904,7847292,320
4563905,7847289,316
4563906,7847290,397
4563907,7847291,356
4563908,7847293,1044
4563909,7847294,312
4563910,7847295,316
4563911,7847296,384
4563913,7847299,374
4563914,7847300,316
4563915,7847301,409
4563916,7847303,316
4563917,7847304,392
4563918,7847305,316
4563920,7847306,1041
4563921,7847307,323
4563922,7847308,380
4563923,7847309,681
4563923,7847313,1041
4563924,7847311,316
4563925,7847314,581
4563926,7847315,381
4563928,7847316,313
4563930,7847318,397
4563932,7847319,311
4563933,7847321,420
4563934,7847322,1022
4563935,7847324,325
4563936,7847325,416
4563937,7847326,313
4563938,7847327,386
4563939,7847328,327
4563940,7847330,374
4563942,7847331,332
4563947,7847332,381
4563948,7847333,406
4563950,7847334,981
4563953,7847335,316
4563954,7847336,421
4563955,7847337,420
4563956,7847338,311
4563957,7847339,354
4563959,7847340,316
4563962,7847342,381
4563963,7847344,316
4563964,7847345,410
4563967,7847346,327
4563969,7847348,381
4563969,7847383,381
4563969,7847384,412
4563970,7847349,1022
4563971,7847350,316
4563972,7847351,374
4563973,7847352,1022
4563974,7847354,330
4563975,7847356,322
4563976,7847357,1102
4563976,7847360,1102
4563976,7847361,1001
4563976,7847363,415
4563976,7847364,1023
4563976,7847366,581
4563976,7847367,395
4563976,7847370,336
4563976,7847372,330
4563976,7847373,1038
4563976,7847374,1047
4563976,7847378,385
4563978,7847359,399
4563979,7847362,409
4563980,7847365,360
4563981,7847368,340
4563982,7847369,384
4563983,7847371,412
4563985,7847376,381
4563986,7847379,311
4563987,7847380,367
4563987,7847396,1022
4563987,7847399,367
4563987,7847400,1040
4563987,7847403,367
4563987,7847404,367
4563987,7847407,367
4563988,7847382,333
4563989,7847386,301
4563990,7847387,1022
4563991,7847388,406
4563991,7847401,1041
4563994,7847391,416
4563995,7847392,305
4563996,7847393,1022
4563997,7847394,393
4563998,7847395,385
4563999,7847397,395
4564000,7847398,409
4564001,7847402,312
4564002,7847408,323
4564002,7847412,391
4564004,7847409,421
4564004,7847503,421
4564005,7847410,374
4564006,7847411,701
4564008,7847418,361
4564009,7847419,406
4564010,7847420,392
4564011,7847421,386
4564012,7847423,395
4564013,7847425,397
4564013,7847438,397
4564013,7847439,397
4564013,7847440,1022
4564013,7847441,397
4564014,7847426,1022
4564015,7847427,319
4564017,7847428,323
4564017,7847436,323
4564018,7847433,313
4564019,7847443,384
4564020,7847445,409
4564021,7847447,342
4564022,7847448,316
4564022,7847450,316
4564025,7847449,581
4564028,7847452,386
4564028,7847458,386
4564031,7847455,380
4564032,7847456,901
4564033,7847457,1022
4564034,7847459,387
4564035,7847460,409
4564036,7847461,333
4564037,7847462,581
4564038,7847463,305
4564041,7847465,316
4564042,7847466,319
4564043,7847470,581
4564044,7847471,316
4564048,7847472,373
4564049,7847473,373
4564050,7847474,346
4564051,7847476,323
4564051,7847535,1022
4564052,7847477,395
4564052,7847497,379
4564053,7847478,1047
4564054,7847479,360
4564055,7847480,410
4564056,7847481,305
4564057,7847482,336
4564057,7847490,392
4564058,7847483,418
4564059,7847484,333
4564060,7847488,329
4564061,7847491,1022
4564062,7847493,1022
4564068,7847498,380
4564069,7847501,342
4564070,7847505,384
4564071,7847506,393
4564075,7847509,322
4564076,7847510,322
4564077,7847512,359
4564078,7847513,409
4564082,7847514,1025
4564084,7847516,409
4564085,7847517,349
4564085,7847936,322
4564086,7847518,397
4564086,7847883,397
4564086,7847886,395
4564086,7847889,307
4564087,7847520,316
4564088,7847521,305
4564089,7847522,416
4564090,7847523,386
4564091,7847524,410
4564092,7847525,354
4564094,7847526,371
4564095,7847527,1022
4564096,7847528,641
4564097,7847529,323
4564098,7847530,373
4564100,7847531,306
4564102,7847532,316
4564103,7847533,316
4564104,7847534,316
4564105,7847536,329
4564106,7847538,581
4564107,7847539,381
4564108,7847540,1045
4564111,7847542,581
4564113,7847544,374
4564114,7847545,409
4564115,7847547,312
4564116,7847548,399
4564116,7847554,391
4564117,7847549,1046
4564118,7847550,416
4564119,7847551,360
4564121,7847552,316
4564122,7847553,741
4564123,7847560,410
4564125,7847561,381
4564126,7847562,397
4564126,7847684,397
4564127,7847564,305
4564128,7847565,1101
4564129,7847566,346
4564131,7847567,387
4564132,7847569,621
4564133,7847570,316
4564135,7847574,316
4564136,7847575,333
4564137,7847576,1048
4564138,7847577,1039
4564138,7847606,1039
4564139,7847578,409
4564140,7847579,501
4564141,7847580,361
4564142,7847582,340
4564144,7847584,581
4564144,7847595,581
4564144,7847599,1022
4564145,7847585,1022
4564146,7847586,378
4564147,7847587,1033
4564148,7847588,1044
4564150,7847589,395
4564152,7847590,319
4564153,7847591,381
4564154,7847592,329
4564155,7847594,409
4564156,7847596,316
4564163,7847600,381
4564164,7847601,406
4564165,7847602,406
4564166,7847603,397
4564167,7847604,581
4564170,7847605,381
4564172,7847607,416
4564173,7847608,1041
4564174,7847609,410
4564176,7847612,1022
4564177,7847613,661
4564178,7847615,1046
4564179,7847616,386
4564181,7847617,395
4564182,7847618,1047
4564183,7847620,409
4564184,7847621,302
4564185,7847622,410
4564185,7847732,391
4564186,7847623,324
4564187,7847625,333
4564189,7847628,322
4564190,7847630,307
4564190,7847671,307
4564191,7847631,1049
4564194,7847633,1022
4564200,7847634,392
4564201,7847635,581
4564202,7847636,305
4564203,7847637,416
4564203,7847656,416
4564204,7847638,329
4564204,7847647,329
4564205,7847641,1106
4564205,7847653,1105
4564209,7847645,316
4564210,7847646,581
4564211,7847648,316
4564212,7847649,416
4564213,7847650,373
4564215,7847651,329
4564216,7847652,378
4564217,7847654,1022
4564218,7847655,1040
4564219,7847657,416
4564220,7847658,360
4564221,7847659,581
4564222,7847660,380
4564224,7847661,316
4564225,7847662,374
4564226,7847663,366
4564227,7847664,307
4564228,7847665,418
4564229,7847666,319
4564230,7847667,380
4564231,7847668,1022
4564231,7847683,1022
4564233,7847672,360
4564234,7847673,374
4564235,7847674,305
4564236,7847675,641
4564238,7847676,399
4564239,7847677,371
4564240,7847678,421
4564241,7847679,641
4564241,7847768,641
4564241,7847771,1022
4564241,7847774,1045
4564241,7847776,391
4564242,7847680,412
4564243,7847686,762
4564245,7847689,367
4564246,7847690,376
4564247,7847691,393
4564249,7847692,301
4564250,7847693,359
4564252,7847694,381
4564255,7847695,370
4564256,7847698,316
4564257,7847701,316
4564259,7847703,405
4564260,7847704,378
4564261,7847705,1046
4564262,7847710,1022
4564263,7847711,316
4564264,7847712,328
4564269,7847719,397
4564270,7847720,371
4564272,7847722,1022
4564278,7847728,386
4564279,7847729,409
4564281,7847731,305
4564282,7847734,1022
4564283,7847737,1022
4564287,7847738,395
4564289,7847739,395
4564290,7847741,1044
4564291,7847743,961
4564293,7847745,581
4564294,7847746,316
4564296,7847747,301
4564297,7847748,323
4564298,7847749,360
4564299,7847750,311
4564300,7847751,378
4564301,7847755,360
4564302,7847757,340
4564303,7847758,641
4564304,7847759,409
4564306,7847760,312
4564308,7847761,328
4564310,7847762,1022
4564311,7847763,378
4564312,7847764,333
4564313,7847765,328
4564314,7847766,381
4564315,7847767,1036
4564316,7847769,354
4564316,7848107,312
4564317,7847772,340
4564318,7847775,303
4564320,7847778,501
4564321,7847779,1021
4564322,7847780,409
4564323,7847781,1041
4564324,7847782,901
4564328,7847785,762
4564329,7847786,305
4564330,7847787,416
4564331,7847788,421
4564332,7847789,339
4564334,7847790,305
4564335,7847791,410
4564336,7847793,1022
4564338,7847799,1022
4564339,7847800,329
4564340,7847801,323
4564341,7847803,399
4564341,7847825,399
4564342,7847804,323
4564343,7847815,406
4564344,7847816,381
4564345,7847817,316
4564346,7847820,581
4564347,7847821,1022
4564348,7847822,316
4564351,7847823,316
4564352,7847824,409
4564354,7847826,418
4564355,7847827,310
4564358,7847828,1040
4564362,7847830,381
4564363,7847831,384
4564365,7847832,329
4564366,7847833,416
4564367,7847837,316
4564368,7847839,388
4564369,7847843,381
4564370,7847844,1038
4564371,7847846,741
4564372,7847847,310
4564373,7847848,390
4564376,7847849,361
4564377,7847851,322
4564381,7847853,374
4564382,7847854,381
4564383,7847855,374
4564385,7847858,381
4564386,7847859,406
4564387,7847860,360
4564388,7847861,354
4564389,7847862,406
4564389,7847897,1044
4564389,7847898,762
4564389,7847903,313
4564389,7847904,310
4564389,7847906,313
4564389,7847908,313
4564391,7847863,373
4564392,7847864,1022
4564393,7847865,340
4564394,7847870,410
4564395,7847872,381
4564396,7847873,415
4564397,7847874,301
4564398,7847875,409
4564401,7847877,581
4564402,7847878,416
4564403,7847879,390
4564405,7847880,316
4564406,7847881,1047
4564407,7847884,981
4564408,7847885,329
4564410,7847888,384
4564412,7847890,1112
4564413,7847891,359
4564414,7847892,416
4564415,7847893,367
4564415,7847920,367
4564415,7847921,313
4564416,7847894,316
4564417,7847895,346
4564422,7847899,416
4564423,7847900,380
4564424,7847902,410
4564425,7847905,316
4564425,7848970,410
4564425,7848971,367
4564426,7847907,406
4564428,7847909,1046
4564429,7847910,1022
4564430,7847911,381
4564430,7849355,391
4564431,7847915,410
4564432,7847916,320
4564434,7847922,305
4564435,7847925,360
4564440,7847928,581
4564440,7847932,391
4564442,7847929,386
4564443,7847930,381
4564444,7847931,360
4564445,7847934,581
4564446,7847935,404
4564447,7847937,354
4564448,7847939,386
4564449,7847940,410
4564450,7847942,395
4564451,7847943,1047
4564455,7847944,301
4564456,7847946,316
4564458,7847947,306
4564459,7847948,1022
4564460,7847949,381
4564461,7847950,395
4564462,7847952,322
4564463,7847953,322
4564464,7847954,380
4564465,7847955,306
4564466,7847956,350
4564467,7847957,581
4564469,7847958,381
4564470,7847959,322
4564471,7847960,333
4564472,7847961,323
4564473,7847963,305
4564474,7847964,397
4564474,7848031,350
4564475,7847965,406
4564476,7847966,1045
4564477,7847967,316
4564478,7847968,412
4564479,7847969,386
4564480,7847970,329
4564481,7847971,381
4564482,7847972,323
4564483,7847973,380
4564486,7847974,316
4564487,7847975,397
4564489,7847977,376
4564490,7847978,410
4564491,7847979,370
4564492,7847980,410
4564494,7847982,1022
4564494,7848003,1022
4564495,7847983,333
4564497,7847984,581
4564499,7847985,376
4564499,7847999,323
4564500,7847986,1022
4564501,7847987,1112
4564502,7847988,581
4564503,7847989,381
4564506,7847990,323
4564507,7847991,381
4564508,7847992,316
4564512,7847997,316
4564513,7847998,366
4564514,7848000,409
4564515,7848001,316
4564519,7848004,319
4564521,7848005,306
4564522,7848009,397
4564523,7848010,381
4564524,7848011,386
4564525,7848012,621
4564526,7848013,1022
4564527,7848014,581
4564528,7848015,416
4564529,7848016,307
4564529,7848018,391
4564530,7848017,317
4564531,7848020,329
4564533,7848021,1022
4564533,7848060,1022
4564534,7848022,385
4564535,7848023,316
4564536,7848024,302
4564537,7848025,397
4564538,7848026,302
4564539,7848027,390
4564540,7848028,416
4564541,7848029,380
4564542,7848030,392
4564543,7848032,307
4564544,7848033,416
4564545,7848034,386
4564546,7848035,410
4564547,7848036,416
4564548,7848040,410
4564550,7848044,323
4564552,7848045,373
4564554,7848048,410
4564555,7848049,394
4564558,7848050,329
4564559,7848051,332
4564560,7848052,307
4564561,7848053,310
4564562,7848054,374
4564563,7848056,822
4564564,7848059,381
4564573,7848064,392
4564574,7848065,380
4564575,7848066,361
4564576,7848067,358
4564577,7848068,329
4564578,7848069,376
4564579,7848070,316
4564580,7848071,317
4564581,7848072,354
4564582,7848073,390
4564583,7848074,822
4564584,7848075,410
4564586,7848078,306
4564587,7848081,395
4564588,7848082,392
4564589,7848083,336
4564590,7848085,393
4564591,7848088,410
4564596,7848091,319
4564597,7848092,1022
4564598,7848093,310
4564601,7848094,581
4564603,7848095,381
4564604,7848096,410
4564605,7848097,317
4564606,7848098,329
4564607,7848099,661
4564611,7848102,601
4564612,7848103,380
4564612,7848132,311
4564613,7848104,317
4564614,7848105,342
4564614,7849131,404
4564615,7848106,381
4564616,7848108,340
4564617,7848109,395
4564618,7848110,1022
4564620,7848111,313
4564626,7848112,621
4564627,7848113,386
4564627,7848127,581
4564627,7848130,641
4564627,7848133,406
4564628,7848116,380
4564629,7848117,1112
4564631,7848119,316
4564632,7848120,641
4564633,7848121,329
4564634,7848122,323
4564635,7848123,581
4564636,7848125,362
4564637,7848128,1022
4564638,7848129,581
4564639,7848134,305
4564640,7848136,329
4564641,7848137,561
4564642,7848138,621
4564643,7848139,681
4564646,7848147,316
4564647,7848151,404
4564648,7848153,305
4564649,7848154,410
4564650,7848155,307
4564652,7848159,386
4564653,7848166,741
4564654,7848168,316
4564655,7848170,380
4564656,7848176,1022
4564656,7848178,1022
4564657,7848177,395
4564661,7848181,381
4564662,7848182,305
4564663,7848183,349
4564664,7848187,362
4564665,7848188,349
4564666,7848190,409
4564667,7848207,329
4564668,7848211,324
4564669,7848213,1022
4564670,7848217,410
4564671,7848219,392
4564672,7848220,385
4564673,7848222,415
4564675,7848223,323
4564676,7848224,374
4564679,7848228,410
4564680,7848229,1041
4564682,7848237,381
4564683,7848238,1022
4564684,7848240,373
4564685,7848241,409
4564686,7848242,1046
4564687,7848243,381
4564688,7848245,410
4564689,7848246,381
4564690,7848247,409
4564692,7848251,385
4564693,7848253,641
4564694,7848254,392
4564697,7848255,392
4564698,7848256,381
4564699,7848257,414
4564700,7848259,319
4564700,7848305,319
4564701,7848260,313
4564702,7848261,323
4564703,7848262,410
4564704,7848263,305
4564705,7848264,311
4564706,7848265,305
4564707,7848267,397
4564708,7848269,316
4564709,7848270,416
4564710,7848271,360
4564711,7848272,360
4564712,7848273,1022
4564713,7848274,322
4564714,7848275,1022
4564715,7848276,319
4564716,7848277,395
4564717,7848278,316
4564718,7848280,741
4564719,7848281,381
4564720,7848282,1022
4564721,7848283,741
4564722,7848284,621
4564723,7848286,302
4564724,7848287,322
4564725,7848288,1022
4564726,7848289,390
4564727,7848290,380
4564727,7848319,380
4564729,7848291,395
4564730,7848292,581
4564731,7848296,410
4564732,7848298,421
4564733,7848300,373
4564734,7848301,356
4564736,7848302,328
4564737,7848303,404
4564738,7848304,333
4564739,7848306,310
4564741,7848308,1106
4564743,7848309,1022
4564746,7848310,1022
4564747,7848311,310
4564748,7848312,346
4564750,7848313,384
4564750,7848316,307
4564752,7848314,581
4564753,7848315,312
4564754,7848317,316
4564755,7848318,329
4564755,7848906,325
4564758,7848320,381
4564759,7848323,397
4564760,7848324,329
4564761,7848325,1022
4564762,7848327,379
4564763,7848328,621
4564764,7848330,340
4564765,7848331,303
4564765,7848334,303
4564765,7848335,370
4564765,7848342,410
4564765,7848344,416
4564765,7848345,1102
4564765,7848346,302
4564765,7848358,370
4564765,7848360,641
4564765,7848362,303
4564765,7848363,901
4564765,7848364,302
4564765,7848366,418
4564765,7848370,388
4564765,7848382,641
4564766,7848332,316
4564768,7848336,303
4564769,7848337,354
4564770,7848338,319
4564771,7848340,397
4564772,7848341,395
4564773,7848343,409
4564774,7848347,329
4564775,7848349,328
4564776,7848350,621
4564777,7848352,360
4564778,7848353,359
4564780,7848354,322
4564781,7848355,340
4564782,7848357,312
4564783,7848359,312
4564783,7848374,312
4564784,7848361,307
4564784,7848373,307
4564784,7848376,307
4564784,7848377,307
4564784,7848379,741
4564785,7848375,364
4564786,7848378,310
4564787,7848380,1022
4564788,7848381,392
4564795,7848386,387
4564797,7848387,1022
4564798,7848388,311
4564799,7848389,354
4564799,7848391,1022
4564800,7848390,316
4564801,7848392,373
4564802,7848393,305
4564803,7848394,1022
4564804,7848395,393
4564805,7848397,316
4564806,7848398,395
4564807,7848399,306
4564808,7848400,316
4564809,7848401,305
4564809,7848430,305
4564810,7848402,385
4564812,7848403,410
4564813,7848404,316
4564814,7848405,1022
4564815,7848408,361
4564816,7848409,316
4564819,7848410,367
4564820,7848411,1047
4564821,7848413,1026
4564822,7848414,320
4564823,7848415,316
4564824,7848416,329
4564825,7848417,410
4564825,7848431,391
4564827,7848418,1022
4564828,7848419,1001
4564829,7848420,354
4564830,7848422,374
4564830,7848439,374
4564831,7848423,410
4564831,7848424,395
4564832,7848425,307
4564833,7848426,1022
4564834,7848427,386
4564835,7848428,305
4564836,7848429,410
4564836,7848473,354
4564836,7848475,354
4564837,7848437,1022
4564839,7848445,373
4564840,7848446,1044
4564841,7848447,399
4564842,7848448,420
4564846,7848450,301
4564847,7848451,1022
4564848,7848452,306
4564849,7848453,1033
4564851,7848454,901
4564853,7848455,410
4564854,7848456,621
4564855,7848457,1047
4564856,7848458,381
4564857,7848459,313
4564858,7848460,1022
4564859,7848461,1045
4564859,7848476,1045
4564860,7848462,406
4564860,7848477,1022
4564860,7848478,1022
4564861,7848463,1026
4564862,7848464,310
4564863,7848465,1037
4564864,7848466,1047
4564865,7848469,397
4564866,7848470,410
4564868,7848474,324
4564869,7848479,329
4564870,7848480,316
4564871,7848481,1048
4564875,7848482,393
4564876,7848498,305
4564877,7848499,581
4564878,7848500,374
4564883,7848501,386
4564884,7848502,410
4564885,7848509,410
4564886,7848510,316
4564886,7848519,316
4564886,7848526,1047
4564889,7848511,316
4564890,7848512,371
4564891,7848513,305
4564892,7848514,1022
4564893,7848515,380
4564894,7848516,385
4564895,7848517,397
4564896,7848518,380
4564902,7848520,310
4564904,7848521,1102
4564904,7848985,409
4564904,7848988,371
4564905,7848527,621
4564906,7848529,376
4564907,7848530,323
4564908,7848531,332
4564909,7848532,409
4564911,7848533,322
4564912,7848534,322
4564913,7848535,414
4564914,7848536,323
4564915,7848537,323
4564916,7848539,621
4564917,7848541,333
4564919,7848542,401
4564920,7848543,701
4564921,7848544,371
4564922,7848545,409
4564923,7848546,1022
4564924,7848548,323
4564925,7848551,410
4564926,7848552,333
4564927,7848553,1041
4564928,7848554,332
4564929,7848555,409
4564930,7848556,386
4564931,7848557,320
4564932,7848558,333
4564933,7848560,316
4564934,7848561,316
4564935,7848562,1022
4564936,7848563,395
4564939,7848565,802
4564942,7848566,581
4564943,7848567,361
4564944,7848568,371
4564945,7848569,380
4564946,7848570,1038
4564947,7848571,301
4564948,7848572,1047
4564949,7848573,359
4564950,7848574,1022
4564951,7848575,1047
4564952,7848576,385
4564953,7848577,316
4564954,7848578,322
4564955,7848581,317
4564956,7848582,325
4564956,7848585,325
4564957,7848583,328
4564958,7848584,316
4564959,7848586,405
4564960,7848587,581
4564961,7848588,322
4564962,7848589,305
4564963,7848590,323
4564964,7848591,305
4564965,7848592,409
4564966,7848593,1141
4564966,7848622,312
4564967,7848594,1022
4564968,7848595,410
4564971,7848596,1022
4564973,7848597,762
4564973,7848601,329
4564974,7848598,378
4564975,7848599,409
4564976,7848600,367
4564977,7848603,1040
4564978,7848604,762
4564979,7848612,310
4564980,7848613,390
4564981,7848614,354
4564981,7849112,581
4564982,7848615,741
4564982,7848626,741
4564982,7848630,320
4564982,7848637,320
4564983,7848616,347
4564984,7848617,481
4564985,7848618,328
4564986,7848619,386
4564987,7848620,1022
4564988,7848621,305
4564990,7848624,333
4564991,7848625,386
4564992,7848627,395
4564993,7848628,387
4564994,7848629,316
4564995,7848631,350
4564996,7848632,329
4564997,7848633,381
4564998,7848634,323
4564999,7848635,378
4565000,7848636,400
4565002,7848638,1022
4565002,7848660,1022
4565003,7848639,581
4565005,7848640,381
4565006,7848641,316
4565007,7848642,316
4565008,7848643,317
4565009,7848644,322
4565010,7848645,336
4565011,7848646,395
4565013,7848647,397
4565013,7848656,397
4565014,7848648,313
4565015,7848649,408
4565016,7848650,316
4565017,7848651,328
4565018,7848652,316
4565019,7848653,399
4565020,7848654,316
4565021,7848655,323
4565022,7848657,311
4565023,7848658,346
4565024,7848659,409
4565025,7848661,317
4565026,7848662,380
4565027,7848663,392
4565028,7848664,641
4565029,7848665,359
4565032,7848666,313
4565033,7848667,410
4565035,7848668,1001
4565036,7848673,316
4565037,7848677,386
4565038,7848679,381
4565039,7848680,307
4565040,7848681,395
4565041,7848682,387
4565042,7848683,1001
4565043,7848688,316
4565044,7848691,354
4565045,7848693,317
4565046,7848695,395
4565047,7848696,333
4565049,7848697,359
4565050,7848698,374
4565051,7848699,1038
4565052,7848700,329
4565053,7848701,395
4565054,7848702,406
4565055,7848703,410
4565055,7848776,391
4565056,7848704,399
4565057,7848705,310
4565058,7848706,332
4565059,7848707,381
4565061,7848708,1022
4565064,7848709,393
4565065,7848711,316
4565066,7848713,390
4565067,7848714,312
4565068,7848715,301
4565069,7848716,1022
4565070,7848719,1026
4565071,7848720,337
4565073,7848721,741
4565074,7848722,317
4565075,7848723,333
4565076,7848724,324
4565076,7848732,324
4565076,7848733,324
4565076,7848734,324
4565076,7848735,324
4565076,7848736,324
4565076,7848737,324
4565076,7848738,324
4565077,7848725,386
4565078,7848727,380
4565079,7848728,390
4565080,7848729,302
4565081,7848730,316
4565082,7848740,358
4565084,7848741,386
4565085,7848742,408
4565086,7848743,393
4565087,7848744,385
4565088,7848745,333
4565090,7848746,581
4565091,7848747,306
4565092,7848748,301
4565093,7848749,1037
4565094,7848750,317
4565095,7848751,395
4565098,7848752,306
4565099,7848753,316
4565102,7848754,328
4565103,7848755,1048
4565104,7848756,316
4565104,7848908,410
4565105,7848758,349
4565107,7848759,581
4565108,7848760,1105
4565109,7848761,316
4565110,7848762,1021
4565112,7848763,461
4565114,7848765,316
4565115,7848766,409
4565115,7848780,391
4565118,7848767,316
4565119,7848768,311
4565121,7848774,316
4565122,7848775,333
4565123,7848779,1052
4565123,7848783,1052
4565126,7848782,307
4565129,7848784,392
4565131,7848785,1022
4565132,7848786,322
4565133,7848787,392
4565134,7848792,701
4565135,7848793,333
4565136,7848794,333
4565137,7848795,359
4565139,7848796,1001
4565140,7848797,333
4565141,7848798,316
4565143,7848800,323
4565144,7848801,313
4565144,7848831,313
4565145,7848802,374
4565146,7848803,316
4565148,7848804,1031
4565149,7848805,323
4565150,7848806,392
4565150,7848819,386
4565150,7848822,319
4565151,7848807,359
4565152,7848808,410
4565153,7848809,581
4565153,7849160,316
4565154,7848810,303
4565157,7848811,1022
4565158,7848812,581
4565158,7849152,316
4565159,7848813,355
4565160,7848815,316
4565162,7848816,323
4565163,7848817,329
4565164,7848818,305
4565165,7848820,1022
4565166,7848821,397
4565167,7848823,741
4565168,7848826,340
4565169,7848827,380
4565170,7848828,392
4565171,7848829,306
4565172,7848832,1022
4565174,7848833,328
4565175,7848835,802
4565176,7848836,370
4565177,7848837,581
4565178,7848838,392
4565179,7848840,392
4565180,7848841,378
4565182,7848842,374
4565185,7848843,416
4565187,7848844,1036
4565188,7848845,305
4565189,7848846,741
4565190,7848847,376
4565190,7848907,376
4565191,7848848,367
4565192,7848849,305
4565193,7848850,333
4565194,7848851,501
4565196,7848852,373
4565200,7848855,381
4565201,7848856,351
4565202,7848857,316
4565203,7848862,313
4565206,7848863,561
4565207,7848864,333
4565208,7848865,397
4565209,7848868,406
4565210,7848869,386
4565212,7848870,390
4565213,7848871,354
4565213,7848875,354
4565215,7848873,641
4565216,7848874,380
4565217,7848876,316
4565218,7848877,1111
4565220,7848878,1022
4565220,7848884,1022
4565221,7848879,395
4565222,7848880,641
4565223,7848881,307
4565224,7848882,741
4565225,7848883,981
4565227,7848886,1046
4565227,7848905,1046
4565228,7848887,386
4565229,7848888,1022
4565230,7848889,316
4565231,7848890,354
4565231,7849039,356
4565233,7848891,322
4565234,7848893,581
4565235,7848894,323
4565236,7848895,581
4565237,7848896,392
4565238,7848899,1022
4565241,7848903,316
4565243,7848904,313
4565244,7848909,354
4565246,7848910,397
4565247,7848911,1022
4565248,7848912,306
4565249,7848913,410
4565250,7848914,333
4565251,7848915,316
4565252,7848916,316
4565252,7848936,316
4565253,7848917,305
4565256,7848929,307
4565258,7848931,381
4565259,7848932,349
4565260,7848933,581
4565261,7848934,307
4565262,7848935,329
4565263,7848937,381
4565264,7848938,361
4565265,7848939,316
4565270,7848940,385
4565272,7848941,319
4565273,7848942,404
4565274,7848943,349
4565275,7848944,316
4565276,7848945,1142
4565278,7848946,397
4565280,7848947,323
4565281,7848948,374
4565284,7848951,410
4565285,7848955,333
4565286,7848956,362
4565289,7848957,316
4565290,7848959,942
4565291,7848962,316
4565292,7848964,345
4565293,7848965,1022
4565294,7848966,581
4565295,7848967,461
4565298,7848968,561
4565299,7848969,354
4565300,7848974,410
4565301,7848975,349
4565302,7848976,320
4565303,7848977,345
4565304,7848978,741
4565305,7848979,329
4565306,7848981,350
4565306,7849086,391
4565307,7848982,395
4565307,7848989,380
4565308,7848983,301
4565311,7848991,381
4565312,7848993,741
4565313,7848994,327
4565319,7848997,1047
4565320,7848998,381
4565321,7848999,1044
4565322,7849001,329
4565323,7849002,1022
4565323,7849009,822
4565326,7849005,333
4565328,7849006,312
4565330,7849008,303
4565331,7849010,374
4565332,7849011,641
4565333,7849012,1033
4565334,7849013,395
4565335,7849014,397
4565336,7849015,1047
4565337,7849016,329
4565338,7849023,322
4565339,7849026,310
4565340,7849027,316
4565341,7849028,323
4565342,7849029,1022
4565348,7849030,1101
4565350,7849031,329
4565353,7849032,381
4565354,7849033,316
4565355,7849034,307
4565356,7849037,393
4565360,7849048,374
4565361,7849053,316
4565362,7849062,406
4565363,7849063,397
4565364,7849065,381
4565366,7849066,406
4565367,7849067,1041
4565369,7849069,367
4565370,7849072,1021
4565372,7849073,1046
4565373,7849075,305
4565374,7849076,316
4565375,7849077,395
4565376,7849078,359
4565377,7849079,1022
4565378,7849081,339
4565378,7849156,339
4565379,7849083,313
4565380,7849088,385
4565381,7849089,316
4565387,7849090,312
4565388,7849091,410
4565389,7849092,1102
4565390,7849093,397
4565390,7849102,329
4565390,7849104,329
4565391,7849094,409
4565392,7849095,501
4565393,7849097,316
4565394,7849098,373
4565395,7849103,741
4565398,7849105,921
4565399,7849106,390
4565400,7849107,581
4565403,7849108,360
4565404,7849109,307
4565405,7849110,392
4565408,7849113,316
4565409,7849114,378
4565413,7849115,313
4565414,7849116,397
4565415,7849117,316
4565416,7849118,1048
4565418,7849119,380
4565419,7849120,319
4565420,7849121,1047
4565421,7849123,323
4565422,7849124,342
4565423,7849125,319
4565424,7849126,1048
4565425,7849127,441
4565426,7849129,313
4565427,7849130,410
4565428,7849132,409
4565429,7849133,360
4565429,7849134,391
4565431,7849139,393
4565432,7849142,380
4565434,7849144,378
4565435,7849145,356
4565436,7849146,1022
4565436,7849154,1022
4565437,7849147,317
4565438,7849148,317
4565439,7849149,340
4565439,7849153,417
4565440,7849150,390
4565441,7849151,581
4565441,7849159,581
4565443,7849155,316
4565444,7849158,371
4565445,7849161,421
4565446,7849163,354
4565447,7849165,397
4565448,7849167,416
4565449,7849168,410
4565451,7849170,316
4565452,7849171,381
4565453,7849172,322
4565454,7849175,373
4565455,7849176,581
4565456,7849177,1022
4565457,7849179,1044
4565458,7849183,1022
4565460,7849184,311
4565461,7849185,406
4565462,7849186,421
4565463,7849187,317
4565465,7849189,342
4565467,7849190,1038
4565468,7849191,395
4565469,7849192,1022
4565471,7849193,409
4565472,7849195,316
4565473,7849196,415
4565474,7849197,1022
4565475,7849198,311
4565476,7849199,981
4565477,7849201,378
4565478,7849202,313
4565479,7849203,381
4565481,7849204,381
4565482,7849207,1022
4565483,7849210,332
4565484,7849211,392
4565485,7849212,1022
4565487,7849213,323
4565488,7849214,386
4565489,7849215,384
4565490,7849217,310
4565491,7849218,371
4565492,7849219,397
4565493,7849220,346
4565496,7849221,641
4565497,7849225,384
4565498,7849226,371
4565499,7849227,1041
4565500,7849228,356
4565501,7849229,1101
4565502,7849230,1047
4565504,7849231,316
4565505,7849234,322
4565506,7849235,317
4565507,7849236,316
4565508,7849237,1046
4565510,7849238,366
4565511,7849239,361
4565512,7849243,312
4565512,7849266,312
4565513,7849245,374
4565514,7849246,311
4565516,7849247,1022
4565517,7849248,1022
4565518,7849249,501
4565519,7849250,395
4565520,7849251,305
4565521,7849253,380
4565522,7849254,1038
4565523,7849255,317
4565524,7849256,1102
4565525,7849257,322
4565526,7849258,395
4565526,7849268,380
4565527,7849259,381
4565528,7849260,421
4565529,7849261,386
4565530,7849262,397
4565531,7849263,376
4565532,7849264,316
4565533,7849265,350
4565534,7849269,409
4565535,7849270,1022
4565535,7849303,406
4565535,7849305,354
4565535,7849306,1022
4565536,7849271,323
4565537,7849272,307
4565538,7849273,392
4565539,7849275,1112
4565540,7849276,1026
4565540,7849286,311
4565541,7849277,361
4565542,7849278,501
4565543,7849279,1022
4565544,7849280,641
4565545,7849281,307
4565546,7849282,306
4565547,7849283,371
4565547,7849294,371
4565547,7849296,1022
4565548,7849284,1022
4565549,7849285,395
4565550,7849288,501
4565551,7849290,323
4565554,7849293,392
4565556,7849297,374
4565557,7849299,316
4565558,7849300,1044
4565559,7849301,621
4565560,7849302,802
4565561,7849304,378
4565562,7849307,481
4565565,7849308,406
4565565,7849321,406
4565565,7849322,406
4565565,7849323,406
4565565,7849324,406
4565565,7849325,406
4565565,7849326,376
4565566,7849309,416
4565567,7849312,384
4565569,7849315,336
4565570,7849316,1022
4565571,7849317,320
4565573,7849318,378
4565573,7849343,395
4565574,7849319,316
4565575,7849320,381
4565575,7849412,380
4565576,7849327,378
4565577,7849328,360
4565578,7849329,395
4565579,7849330,395
4565580,7849332,561
4565581,7849333,395
4565583,7849334,408
4565584,7849336,313
4565585,7849337,416
4565587,7849338,1046
4565588,7849339,374
4565589,7849340,410
4565590,7849341,641
4565592,7849342,409
4565593,7849344,339
4565598,7849345,409
4565599,7849346,323
4565601,7849348,307
4565602,7849349,409
4565602,7849369,409
4565603,7849351,409
4565605,7849352,1047
4565606,7849353,329
4565607,7849354,501
4565608,7849357,380
4565609,7849359,329
4565610,7849360,316
4565613,7849361,337
4565614,7849364,313
4565615,7849365,316
4565616,7849366,332
4565617,7849367,307
4565618,7849368,741
4565619,7849370,1049
4565620,7849371,981
4565621,7849372,1022
4565622,7849373,1022
4565622,7849395,1022
4565623,7849374,360
4565624,7849375,385
4565625,7849376,418
4565626,7849377,1039
4565627,7849379,312
4565628,7849380,381
4565629,7849382,1022
4565629,7849393,1022
4565630,7849383,416
4565631,7849384,380
4565632,7849385,361
4565633,7849386,342
4565635,7849388,406
4565636,7849389,1022
4565637,7849390,329
4565638,7849391,333
4565639,7849392,1022
4565640,7849394,416
4565641,7849396,307
4565642,7849399,319
4565643,7849401,621
4565644,7849403,358
4565645,7849406,316
4565648,7849408,416
4565649,7849409,310
4565650,7849410,307
4565651,7849413,373
4565660,7849414,305
4565661,7849415,1044
4565662,7849416,359
4565663,7849417,1022
4565664,7849418,360
4565665,7849419,406
4565666,7849420,316
4565667,7849421,316
4565668,7849422,323
4565669,7849423,415
4565670,7849424,319
4565671,7849425,581
